Symbol,Date,Open,Close,High,Low,Volume
AARTIIND,2016-12-31,153.56,166.44,185.65,141.59,12277255.0
AARTIIND,2017-12-31,165.48,275.53,283.33,158.75,60734114.0
AARTIIND,2018-12-31,278.9,350.81,369.34,242.99,42292842.0
AARTIIND,2019-12-31,352.34,415.38,461.45,315.89,82228483.0
AARTIIND,2020-12-31,418.0,617.4,643.5,334.0,201062112.0
AARTIIND,2021-12-31,622.0,1004.6,1168.0,536.28,270214729.0
AARTIIND,2022-12-31,1005.95,610.1,1118.0,587.0,191988530.0
AARTIIND,2023-12-31,610.1,649.6,661.5,438.0,322138157.0
AARTIIND,2024-12-31,653.7,410.05,769.25,402.1,446860488.0
AARTIIND,2025-12-31,410.35,373.9,495.0,344.2,359202484.0
AARTIIND,2026-12-31,375.8,489.25,551.75,338.05,217351091.0
AARTIPHARM,2023-12-31,299.9,504.45,535.35,234.8,60547070.0
AARTIPHARM,2024-12-31,508.4,686.25,721.7,399.55,75888010.0
AARTIPHARM,2025-12-31,679.1,752.4,971.0,568.1,113044530.0
AARTIPHARM,2026-12-31,752.4,939.55,962.0,585.0,74299893.0
ABB,2016-12-31,1052.93,947.58,1078.49,845.53,2763448.0
ABB,2017-12-31,959.43,1273.64,1470.73,934.32,25719334.0
ABB,2018-12-31,1281.9,1213.58,1588.03,1024.97,26782448.0
ABB,2019-12-31,1211.99,1285.25,1516.12,1100.32,27647621.0
ABB,2020-12-31,1296.95,1212.05,1411.0,722.0,38917769.0
ABB,2021-12-31,1212.0,2233.6,2375.0,1212.0,47323480.0
ABB,2022-12-31,2251.45,2683.0,3446.3,1944.6,85560295.0
ABB,2023-12-31,2685.0,4674.85,4957.0,2662.5,72393055.0
ABB,2024-12-31,4674.85,6912.25,9149.95,4340.3,101924524.0
ABB,2025-12-31,6912.0,5170.0,6947.7,4684.45,82081914.0
ABB,2026-12-31,5183.0,7052.5,7924.5,4637.5,68511432.0
ABBOTINDIA,2016-12-31,4777.7,4722.3,5040.0,4411.0,151943.0
ABBOTINDIA,2017-12-31,4709.6,5524.95,5698.95,3988.0,1604385.0
ABBOTINDIA,2018-12-31,5525.0,7516.65,8820.05,5238.85,1854043.0
ABBOTINDIA,2019-12-31,7550.0,13075.5,13470.05,7151.2,1940336.0
ABBOTINDIA,2020-12-31,13170.6,15769.1,18679.75,12186.55,4015588.0
ABBOTINDIA,2021-12-31,15800.0,19485.65,23934.45,13959.8,4339422.0
ABBOTINDIA,2022-12-31,19550.0,21367.2,22187.9,15514.0,4578718.0
ABBOTINDIA,2023-12-31,21367.2,22851.25,24744.25,19900.0,3006886.0
ABBOTINDIA,2024-12-31,22852.0,29741.0,30521.0,22720.0,3796699.0
ABBOTINDIA,2025-12-31,29830.2,29025.0,37000.0,25325.0,2562439.0
ABBOTINDIA,2026-12-31,28860.0,26955.0,28990.0,25135.0,1817900.0
ABDL,2024-12-31,320.0,429.55,436.9,282.05,201760083.0
ABDL,2025-12-31,429.55,613.55,696.8,279.0,145176195.0
ABDL,2026-12-31,616.15,715.05,753.8,382.1,95961844.0
ACE,2016-12-31,44.4,45.15,59.7,40.0,25443186.0
ACE,2017-12-31,45.4,144.3,156.4,44.9,166885036.0
ACE,2018-12-31,144.0,91.2,204.4,78.4,129770257.0
ACE,2019-12-31,92.2,74.25,124.2,48.2,54908308.0
ACE,2020-12-31,75.1,135.95,141.4,31.35,103187228.0
ACE,2021-12-31,136.85,222.3,291.75,125.1,195344312.0
ACE,2022-12-31,223.25,303.85,354.7,175.0,134835017.0
ACE,2023-12-31,305.7,829.15,895.0,304.0,116124887.0
ACE,2024-12-31,834.0,1507.4,1695.0,834.0,110809244.0
ACE,2025-12-31,1506.0,946.65,1600.0,909.0,77929634.0
ACE,2026-12-31,954.0,1226.6,1268.0,745.1,69320994.0
ACUTAAS,2021-12-31,455.0,534.2,717.22,420.5,111772146.0
ACUTAAS,2022-12-31,537.35,482.67,587.95,383.05,66311712.0
ACUTAAS,2023-12-31,487.45,561.0,694.47,423.67,64800042.0
ACUTAAS,2024-12-31,567.4,1074.43,1181.45,502.23,117444898.0
ACUTAAS,2025-12-31,1085.18,1704.9,1902.0,918.78,118529642.0
ACUTAAS,2026-12-31,1710.0,3272.5,3740.0,1570.0,78481872.0
ANANDRATHI,2021-12-31,150.0,147.12,153.75,135.65,81862496.0
ANANDRATHI,2022-12-31,148.75,175.39,184.85,135.51,112346860.0
ANANDRATHI,2023-12-31,176.69,648.42,678.0,175.21,92874976.0
ANANDRATHI,2024-12-31,653.5,986.01,1161.5,627.51,61899732.0
ANANDRATHI,2025-12-31,992.5,1556.2,1660.7,797.0,130377998.0
ANANDRATHI,2026-12-31,1551.5,2126.8,2268.4,1353.85,86280245.0
APARINDS,2016-12-31,583.0,574.9,601.0,502.35,1322470.0
APARINDS,2017-12-31,580.0,810.05,908.3,573.55,12515426.0
APARINDS,2018-12-31,810.05,660.25,869.3,538.1,4589100.0
APARINDS,2019-12-31,660.45,389.8,702.3,385.1,2441195.0
APARINDS,2020-12-31,392.0,349.0,468.8,239.2,10218266.0
APARINDS,2021-12-31,350.7,779.9,840.0,342.0,39010066.0
APARINDS,2022-12-31,779.9,1793.1,1818.0,556.25,46684742.0
APARINDS,2023-12-31,1800.0,6053.4,6102.6,1358.55,40334308.0
APARINDS,2024-12-31,6053.4,10317.6,11000.0,5151.0,32603250.0
APARINDS,2025-12-31,10318.0,8367.5,11779.9,4308.05,31627558.0
APARINDS,2026-12-31,8424.0,17776.0,19265.0,6801.0,25441082.0
APLAPOLLO,2016-12-31,85.91,91.53,95.86,81.1,17618290.0
APLAPOLLO,2017-12-31,93.0,198.38,204.9,88.78,47582140.0
APLAPOLLO,2018-12-31,197.0,116.51,257.5,109.0,89802100.0
APLAPOLLO,2019-12-31,117.35,187.77,189.29,100.33,68046660.0
APLAPOLLO,2020-12-31,189.21,441.5,447.0,103.0,173315330.0
APLAPOLLO,2021-12-31,442.4,999.8,1114.55,420.75,162579931.0
APLAPOLLO,2022-12-31,980.0,1092.0,1193.0,770.9,111344130.0
APLAPOLLO,2023-12-31,1093.0,1536.8,1800.0,1047.0,186420332.0
APLAPOLLO,2024-12-31,1553.9,1568.25,1728.95,1305.0,162100492.0
APLAPOLLO,2025-12-31,1560.0,1914.0,1936.0,1272.7,147093500.0
APLAPOLLO,2026-12-31,1925.6,2214.7,2301.4,1736.0,131669963.0
APOLLO,2018-12-31,46.5,12.33,48.0,9.9,137742180.0
APOLLO,2019-12-31,12.38,7.36,15.19,6.5,107793260.0
APOLLO,2020-12-31,7.4,12.4,14.29,3.95,536726030.0
APOLLO,2021-12-31,12.38,16.45,17.98,8.65,742781370.0
APOLLO,2022-12-31,16.8,29.18,29.19,10.92,511943880.0
APOLLO,2023-12-31,29.3,113.95,161.7,24.99,614505976.0
APOLLO,2024-12-31,117.95,115.48,147.55,87.99,466564142.0
APOLLO,2025-12-31,117.5,272.0,354.7,103.77,2489678740.0
APOLLO,2026-12-31,271.9,395.6,466.5,179.5,2105870304.0
ARTEMISMED,2020-12-31,21.5,22.55,29.75,10.67,5888400.0
ARTEMISMED,2021-12-31,22.5,41.75,47.7,18.61,37646831.0
ARTEMISMED,2022-12-31,42.9,76.0,83.7,36.2,47405687.0
ARTEMISMED,2023-12-31,76.65,180.15,187.0,61.45,49378296.0
ARTEMISMED,2024-12-31,179.05,314.8,350.0,141.3,58573761.0
ARTEMISMED,2025-12-31,316.45,271.05,346.7,207.71,39548484.0
ARTEMISMED,2026-12-31,271.95,357.7,378.8,203.35,63155938.0
AUROPHARMA,2016-12-31,842.0,669.3,895.0,621.9,153438623.0
AUROPHARMA,2017-12-31,673.0,687.95,809.45,503.05,647640980.0
AUROPHARMA,2018-12-31,690.0,732.95,830.45,527.0,711311547.0
AUROPHARMA,2019-12-31,734.0,456.85,838.0,389.35,746765159.0
AUROPHARMA,2020-12-31,459.6,921.3,967.5,288.85,1298621551.0
AUROPHARMA,2021-12-31,923.7,734.35,1063.9,620.5,670713610.0
AUROPHARMA,2022-12-31,738.1,438.3,742.0,434.4,460761008.0
AUROPHARMA,2023-12-31,439.9,1084.0,1099.9,397.2,478708183.0
AUROPHARMA,2024-12-31,1085.05,1334.5,1592.0,958.5,421677313.0
AUROPHARMA,2025-12-31,1334.85,1183.0,1356.2,1010.0,293109405.0
AUROPHARMA,2026-12-31,1190.0,1712.0,1740.0,1106.0,246379968.0
AVALON,2023-12-31,436.0,551.1,732.1,348.0,82654460.0
AVALON,2024-12-31,550.0,964.0,1073.75,425.0,88097338.0
AVALON,2025-12-31,972.0,878.9,1318.0,598.0,102423414.0
AVALON,2026-12-31,876.5,2328.5,2618.0,777.3,78894957.0
BALAMINES,2016-12-31,321.0,321.15,380.05,273.1,2742989.0
BALAMINES,2017-12-31,314.8,637.35,675.0,294.0,16496425.0
BALAMINES,2018-12-31,640.1,457.45,782.0,410.0,9825841.0
BALAMINES,2019-12-31,460.75,399.3,537.6,211.25,9388931.0
BALAMINES,2020-12-31,404.7,926.4,1054.55,200.0,55694319.0
BALAMINES,2021-12-31,929.0,3409.8,5223.55,927.05,45218711.0
BALAMINES,2022-12-31,3479.7,2708.8,3935.0,2593.75,20832140.0
BALAMINES,2023-12-31,2729.85,2668.5,2729.85,1880.0,21600887.0
BALAMINES,2024-12-31,2675.0,1786.7,2735.0,1711.4,20412054.0
BALAMINES,2025-12-31,1786.75,1121.0,1980.0,1079.0,23391226.0
BALAMINES,2026-12-31,1118.8,2189.6,2629.8,968.1,76126256.0
BBOX,2016-12-31,16.9,17.93,22.72,14.42,7188840.0
BBOX,2017-12-31,17.91,25.62,34.19,15.51,27828285.0
BBOX,2018-12-31,25.26,14.9,27.95,9.82,8622310.0
BBOX,2019-12-31,14.64,28.98,31.0,14.39,16717795.0
BBOX,2020-12-31,30.03,145.09,163.92,28.04,28045080.0
BBOX,2021-12-31,146.02,163.33,350.0,137.84,8193500.0
BBOX,2022-12-31,168.0,133.8,214.0,120.75,14775811.0
BBOX,2023-12-31,131.0,291.15,291.15,84.4,49944734.0
BBOX,2024-12-31,305.7,648.75,714.8,209.8,80936688.0
BBOX,2025-12-31,659.8,550.85,696.45,320.85,81162063.0
BBOX,2026-12-31,548.4,799.75,1103.0,444.3,119752700.0
BHEL,2016-12-31,97.33,80.8,97.87,77.4,597379287.0
BHEL,2017-12-31,80.8,92.5,121.83,80.47,2225934086.0
BHEL,2018-12-31,92.65,73.1,107.95,61.7,2381618433.0
BHEL,2019-12-31,73.75,43.45,78.85,41.3,3571272755.0
BHEL,2020-12-31,43.5,35.9,47.75,18.4,11340048287.0
BHEL,2021-12-31,36.15,58.95,80.35,35.1,16206080350.0
BHEL,2022-12-31,59.0,79.2,91.55,41.4,7001645603.0
BHEL,2023-12-31,79.55,193.55,199.7,66.3,6442471786.0
BHEL,2024-12-31,199.0,229.4,335.35,191.85,6252154602.0
BHEL,2025-12-31,230.01,287.45,295.25,176.0,2626599670.0
BHEL,2026-12-31,288.5,418.95,446.5,239.17,2590800920.0
BOSCHLTD,2016-12-31,23299.5,21049.95,23590.0,17671.6,988281.0
BOSCHLTD,2017-12-31,21200.0,20165.55,25240.0,18802.45,3924733.0
BOSCHLTD,2018-12-31,20165.0,19611.2,22400.0,16975.0,4864882.0
BOSCHLTD,2019-12-31,19689.65,15374.6,19739.95,12700.0,4123941.0
BOSCHLTD,2020-12-31,15399.65,12785.4,15550.0,7850.0,15103025.0
BOSCHLTD,2021-12-31,12813.0,17320.25,19250.0,12780.0,13599398.0
BOSCHLTD,2022-12-31,17320.25,17264.2,18224.7,12932.45,7800918.0
BOSCHLTD,2023-12-31,17337.85,22203.8,22300.0,16366.05,6053939.0
BOSCHLTD,2024-12-31,22301.0,34100.2,39088.8,22101.0,9908637.0
BOSCHLTD,2025-12-31,34121.0,36040.0,41945.0,25921.6,6940890.0
BOSCHLTD,2026-12-31,36040.0,48250.0,50000.0,28610.0,6708898.0
CAPLIPOINT,2016-12-31,266.82,343.15,427.0,235.0,6664979.0
CAPLIPOINT,2017-12-31,343.2,631.45,784.8,328.0,24932885.0
CAPLIPOINT,2018-12-31,634.4,382.0,692.0,336.05,13081978.0
CAPLIPOINT,2019-12-31,382.7,300.85,466.9,280.1,11799179.0
CAPLIPOINT,2020-12-31,304.9,506.4,686.0,176.2,86771185.0
CAPLIPOINT,2021-12-31,505.0,858.2,1034.8,401.0,100028311.0
CAPLIPOINT,2022-12-31,860.5,713.3,888.0,626.0,19713912.0
CAPLIPOINT,2023-12-31,717.1,1356.15,1429.1,575.0,32367981.0
CAPLIPOINT,2024-12-31,1368.3,2500.65,2641.0,1225.0,54414189.0
CAPLIPOINT,2025-12-31,2515.0,1838.1,2625.95,1599.0,28774655.0
CAPLIPOINT,2026-12-31,1840.1,2835.1,2990.0,1500.3,26780651.0
CARYSIL,2021-12-31,204.0,820.75,927.9,181.25,34423279.0
CARYSIL,2022-12-31,815.0,468.4,898.0,445.0,26102672.0
CARYSIL,2023-12-31,474.9,822.1,980.0,431.05,26702008.0
CARYSIL,2024-12-31,832.0,750.2,1150.95,720.55,24438005.0
CARYSIL,2025-12-31,753.0,898.7,1071.9,482.3,37755451.0
CARYSIL,2026-12-31,895.0,1064.4,1280.9,732.1,22204794.0
CGPOWER,2016-12-31,80.1,59.3,87.2,55.6,343738167.0
CGPOWER,2017-12-31,60.25,92.8,97.4,58.85,683627265.0
CGPOWER,2018-12-31,93.3,44.85,99.15,32.85,1267079543.0
CGPOWER,2019-12-31,44.95,10.8,47.35,8.3,1842300807.0
CGPOWER,2020-12-31,11.0,44.85,52.5,4.75,1072079115.0
CGPOWER,2021-12-31,45.4,194.55,199.0,37.75,664999654.0
CGPOWER,2022-12-31,196.0,270.3,288.0,154.0,474026031.0
CGPOWER,2023-12-31,267.0,454.4,503.45,265.0,638692024.0
CGPOWER,2024-12-31,458.7,728.0,874.7,414.3,805448038.0
CGPOWER,2025-12-31,727.0,647.9,797.55,517.7,768004528.0
CGPOWER,2026-12-31,650.0,886.0,980.9,525.5,694131506.0
CRAFTSMAN,2021-12-31,1359.0,2260.95,2778.0,1245.0,15050025.0
CRAFTSMAN,2022-12-31,2295.0,3493.55,3710.95,1840.0,9710345.0
CRAFTSMAN,2023-12-31,3508.0,5406.25,5513.65,2735.0,11521170.0
CRAFTSMAN,2024-12-31,5406.25,5385.1,7121.25,3782.05,17145647.0
CRAFTSMAN,2025-12-31,5429.0,7689.5,7837.0,3700.0,14115301.0
CRAFTSMAN,2026-12-31,7600.0,10735.0,11999.0,6451.5,14457237.0
CUB,2016-12-31,80.08,80.05,94.83,78.78,85160898.0
CUB,2017-12-31,80.67,122.59,126.85,79.46,222728650.0
CUB,2018-12-31,123.07,146.29,155.25,100.6,266781164.0
CUB,2019-12-31,146.25,175.46,177.75,131.62,245658626.0
CUB,2020-12-31,176.55,135.07,187.01,82.5,663616625.0
CUB,2021-12-31,135.07,100.99,142.27,96.53,811262263.0
CUB,2022-12-31,101.25,135.3,153.75,81.75,986331312.0
CUB,2023-12-31,135.41,111.75,136.8,89.62,1413973273.0
CUB,2024-12-31,112.43,129.25,140.93,94.05,1429827224.0
CUB,2025-12-31,129.0,218.1,226.65,107.18,839307330.0
CUB,2026-12-31,216.98,225.57,248.85,169.84,592589768.0
DATAPATTNS,2021-12-31,856.05,759.9,864.0,702.0,25510383.0
DATAPATTNS,2022-12-31,764.0,1095.55,1465.0,575.0,66903974.0
DATAPATTNS,2023-12-31,1100.0,1861.2,2485.0,1096.0,54739848.0
DATAPATTNS,2024-12-31,1862.0,2470.7,3655.0,1751.0,107584557.0
DATAPATTNS,2025-12-31,2470.6,2626.6,3268.8,1351.15,205511891.0
DATAPATTNS,2026-12-31,2623.0,4418.8,5000.0,2131.0,187165617.0
DEEPAKNTR,2016-12-31,119.05,92.0,131.9,75.75,13162333.0
DEEPAKNTR,2017-12-31,93.9,231.5,243.25,90.2,62136085.0
DEEPAKNTR,2018-12-31,233.3,221.1,305.0,205.05,80082358.0
DEEPAKNTR,2019-12-31,222.55,373.1,386.75,206.0,73133379.0
DEEPAKNTR,2020-12-31,370.1,941.85,954.8,310.0,283561867.0
DEEPAKNTR,2021-12-31,949.0,2490.2,3020.0,941.2,297007795.0
DEEPAKNTR,2022-12-31,2510.0,1985.3,2690.05,1681.15,190790391.0
DEEPAKNTR,2023-12-31,1995.25,2481.2,2502.0,1730.0,101677679.0
DEEPAKNTR,2024-12-31,2488.0,2494.3,3169.0,2021.0,87944688.0
DEEPAKNTR,2025-12-31,2500.0,1731.7,2527.35,1514.0,56963208.0
DEEPAKNTR,2026-12-31,1731.7,1587.1,1897.9,1280.0,42420465.0
DYNAMATECH,2016-12-31,2957.0,2865.2,3655.8,2730.0,219650.0
DYNAMATECH,2017-12-31,2837.0,2178.45,3340.45,1920.0,524236.0
DYNAMATECH,2018-12-31,2179.05,1503.0,2370.0,1313.3,725170.0
DYNAMATECH,2019-12-31,1549.0,973.45,1658.0,940.0,462795.0
DYNAMATECH,2020-12-31,973.45,847.45,1285.0,436.45,3275219.0
DYNAMATECH,2021-12-31,853.0,2293.1,3380.0,688.5,6619595.0
DYNAMATECH,2022-12-31,2324.25,2428.55,2813.55,1678.65,2903704.0
DYNAMATECH,2023-12-31,2412.05,5112.8,5289.9,2310.0,3592102.0
DYNAMATECH,2024-12-31,5102.0,8461.35,9082.9,5060.1,4578932.0
DYNAMATECH,2025-12-31,8401.0,9372.0,10039.5,5444.15,4476353.0
DYNAMATECH,2026-12-31,9404.0,13153.0,13287.0,7673.0,4289187.0
ELGIEQUIP,2016-12-31,96.25,91.1,102.0,81.0,8025062.0
ELGIEQUIP,2017-12-31,91.32,154.55,162.75,87.65,24891238.0
ELGIEQUIP,2018-12-31,156.82,130.62,174.95,112.5,35851736.0
ELGIEQUIP,2019-12-31,131.0,128.55,154.0,110.8,19703358.0
ELGIEQUIP,2020-12-31,128.55,153.0,169.0,50.6,59808366.0
ELGIEQUIP,2021-12-31,153.75,299.1,347.0,149.8,101912052.0
ELGIEQUIP,2022-12-31,301.4,419.5,566.6,248.7,181364553.0
ELGIEQUIP,2023-12-31,425.0,544.55,623.0,357.95,103268603.0
ELGIEQUIP,2024-12-31,547.25,579.8,798.95,524.0,98419033.0
ELGIEQUIP,2025-12-31,579.8,473.75,608.4,401.0,174026233.0
ELGIEQUIP,2026-12-31,474.35,603.0,653.4,408.25,101517393.0
EXIDEIND,2016-12-31,192.5,180.1,207.65,168.45,140818871.0
EXIDEIND,2017-12-31,181.0,223.35,250.0,178.75,479536818.0
EXIDEIND,2018-12-31,222.0,267.95,304.7,192.4,478634483.0
EXIDEIND,2019-12-31,268.5,186.5,270.7,166.0,491641289.0
EXIDEIND,2020-12-31,186.9,191.25,208.25,124.7,881936452.0
EXIDEIND,2021-12-31,191.7,168.35,219.3,152.6,973415498.0
EXIDEIND,2022-12-31,170.0,180.25,194.2,130.25,660574499.0
EXIDEIND,2023-12-31,181.0,317.85,324.25,170.5,682751743.0
EXIDEIND,2024-12-31,319.85,416.55,620.35,290.35,1412964552.0
EXIDEIND,2025-12-31,421.0,362.2,431.6,328.0,576518969.0
EXIDEIND,2026-12-31,363.0,423.65,496.4,287.0,586833144.0
FCL,2016-12-31,2.83,2.78,4.13,2.37,230228340.0
FCL,2017-12-31,2.84,2.79,4.17,2.6,373275080.0
FCL,2018-12-31,2.79,3.67,6.24,2.79,294531480.0
FCL,2019-12-31,3.67,2.69,4.76,2.21,523930080.0
FCL,2020-12-31,2.72,6.65,6.99,1.25,1191588610.0
FCL,2021-12-31,6.68,13.85,14.77,5.66,2369514080.0
FCL,2022-12-31,13.93,25.26,40.9,13.23,2597143200.0
FCL,2023-12-31,25.56,36.13,39.19,20.3,1055282630.0
FCL,2024-12-31,36.38,33.02,45.88,30.38,1179037970.0
FCL,2025-12-31,33.15,24.66,35.79,20.7,1741040597.0
FCL,2026-12-31,24.66,60.48,62.4,19.1,2532000662.0
FEDERALBNK,2016-12-31,72.35,66.85,85.95,61.8,616104503.0
FEDERALBNK,2017-12-31,67.1,108.5,127.65,65.5,2408532139.0
FEDERALBNK,2018-12-31,109.5,93.25,116.45,67.05,3164395054.0
FEDERALBNK,2019-12-31,93.75,87.95,110.4,78.2,2973146218.0
FEDERALBNK,2020-12-31,88.25,66.7,96.95,35.7,7700321692.0
FEDERALBNK,2021-12-31,67.0,83.0,107.65,66.8,5429315270.0
FEDERALBNK,2022-12-31,83.2,139.05,142.2,82.5,3745819628.0
FEDERALBNK,2023-12-31,139.75,156.15,159.3,121.0,3242104690.0
FEDERALBNK,2024-12-31,156.2,200.02,217.0,139.4,3395310331.0
FEDERALBNK,2025-12-31,200.4,267.1,271.1,172.66,2076328550.0
FEDERALBNK,2026-12-31,267.65,322.0,371.7,242.3,1694343196.0
FINCABLES,2016-12-31,444.65,413.65,458.95,355.0,3843402.0
FINCABLES,2017-12-31,400.0,707.5,731.8,400.0,20633799.0
FINCABLES,2018-12-31,703.1,454.2,757.9,442.8,15955658.0
FINCABLES,2019-12-31,452.9,371.1,507.85,345.55,19829597.0
FINCABLES,2020-12-31,372.05,344.65,429.95,162.4,41746222.0
FINCABLES,2021-12-31,345.7,528.1,608.6,336.35,97483244.0
FINCABLES,2022-12-31,525.3,547.0,593.9,343.5,64929475.0
FINCABLES,2023-12-31,550.0,1069.15,1219.0,524.75,142517852.0
FINCABLES,2024-12-31,1055.0,1182.0,1700.0,831.25,88480076.0
FINCABLES,2025-12-31,1178.55,749.7,1189.9,707.3,105699464.0
FINCABLES,2026-12-31,751.0,1460.9,1498.0,700.8,138434023.0
GESHIP,2016-12-31,370.0,362.95,398.9,336.45,3896584.0
GESHIP,2017-12-31,366.5,399.35,477.5,350.0,29537219.0
GESHIP,2018-12-31,399.0,315.75,485.0,267.0,23450465.0
GESHIP,2019-12-31,315.8,298.95,333.0,211.65,22137511.0
GESHIP,2020-12-31,298.9,263.2,369.4,162.0,67126318.0
GESHIP,2021-12-31,266.0,298.2,445.0,249.35,118399844.0
GESHIP,2022-12-31,298.9,670.9,748.9,294.6,101412873.0
GESHIP,2023-12-31,670.9,976.8,1042.3,532.25,95909718.0
GESHIP,2024-12-31,983.5,962.0,1543.7,890.0,206687591.0
GESHIP,2025-12-31,963.0,1129.0,1179.0,797.5,118282263.0
GESHIP,2026-12-31,1135.0,1497.2,1798.0,1065.0,163239087.0
GLENMARK,2016-12-31,941.6,888.45,994.0,807.0,38068133.0
GLENMARK,2017-12-31,894.0,594.75,972.95,525.85,242585656.0
GLENMARK,2018-12-31,596.15,693.05,711.9,493.5,245873466.0
GLENMARK,2019-12-31,690.5,347.45,697.6,267.25,389607044.0
GLENMARK,2020-12-31,347.7,493.5,573.05,161.65,1147982751.0
GLENMARK,2021-12-31,493.75,528.55,690.95,442.05,539748721.0
GLENMARK,2022-12-31,530.0,424.15,531.2,348.5,239623144.0
GLENMARK,2023-12-31,423.3,853.95,880.0,369.05,309995977.0
GLENMARK,2024-12-31,854.0,1609.1,1830.95,771.0,248108995.0
GLENMARK,2025-12-31,1609.1,2035.2,2284.8,1275.5,217727638.0
GLENMARK,2026-12-31,2034.0,2380.0,2537.6,1842.0,107584718.0
GRAPHITE,2016-12-31,77.95,73.1,84.45,70.0,2056312.0
GRAPHITE,2017-12-31,73.0,710.2,724.0,72.75,389654045.0
GRAPHITE,2018-12-31,714.7,755.35,1127.0,595.55,362014487.0
GRAPHITE,2019-12-31,755.0,303.25,799.0,255.1,435674221.0
GRAPHITE,2020-12-31,303.7,303.2,329.8,103.0,265600403.0
GRAPHITE,2021-12-31,303.95,508.95,815.9,298.8,405227164.0
GRAPHITE,2022-12-31,515.0,373.35,587.0,348.25,197353585.0
GRAPHITE,2023-12-31,374.95,550.2,572.0,251.7,316414824.0
GRAPHITE,2024-12-31,550.2,565.3,709.4,460.05,388208493.0
GRAPHITE,2025-12-31,567.0,641.7,651.8,365.75,287915289.0
GRAPHITE,2026-12-31,644.0,820.7,874.35,558.05,334747659.0
GVT&D,2016-12-31,322.6,322.6,322.6,322.6,0.0
GVT&D,2017-12-31,322.6,443.05,460.0,277.85,29083357.0
GVT&D,2018-12-31,440.5,292.65,474.4,218.8,17629289.0
GVT&D,2019-12-31,290.5,147.2,332.7,137.6,12576592.0
GVT&D,2020-12-31,148.2,117.2,179.5,58.0,37152416.0
GVT&D,2021-12-31,117.45,133.65,153.8,106.0,68767226.0
GVT&D,2022-12-31,133.75,115.35,143.55,81.45,23072254.0
GVT&D,2023-12-31,116.4,503.35,503.35,98.55,41424571.0
GVT&D,2024-12-31,504.0,2075.9,2243.0,504.0,63935595.0
GVT&D,2025-12-31,2042.0,3132.5,3323.8,1254.0,140811240.0
GVT&D,2026-12-31,3135.9,4280.0,5650.0,2523.2,157086071.0
HAL,2018-12-31,563.85,403.42,582.0,370.0,11651446.0
HAL,2019-12-31,403.02,365.2,414.0,305.02,11538644.0
HAL,2020-12-31,367.5,423.12,711.5,235.0,252613728.0
HAL,2021-12-31,424.5,605.33,783.0,423.8,323811078.0
HAL,2022-12-31,607.0,1265.62,1405.9,606.03,483209764.0
HAL,2023-12-31,1270.0,2804.0,2849.75,1150.0,577606704.0
HAL,2024-12-31,2805.1,4178.35,5674.75,2748.45,572182752.0
HAL,2025-12-31,4178.35,4388.7,5165.0,3046.05,409416875.0
HAL,2026-12-31,4388.7,4800.0,5149.9,3479.1,220951298.0
HFCL,2016-12-31,16.45,12.55,16.6,11.0,155117124.0
HFCL,2017-12-31,12.65,28.65,35.95,11.85,1754426326.0
HFCL,2018-12-31,29.0,21.2,36.65,17.0,1569174594.0
HFCL,2019-12-31,21.3,17.55,25.3,16.8,550300574.0
HFCL,2020-12-31,17.65,25.8,27.25,8.1,1228640250.0
HFCL,2021-12-31,25.95,78.8,95.7,23.0,4104508062.0
HFCL,2022-12-31,79.4,73.7,101.35,51.55,2838798090.0
HFCL,2023-12-31,73.9,84.15,87.4,55.75,2313810960.0
HFCL,2024-12-31,85.9,112.63,171.0,80.25,7552367680.0
HFCL,2025-12-31,112.86,67.79,116.4,60.72,3815517704.0
HFCL,2026-12-31,67.79,211.27,256.7,59.82,5812025316.0
HSCL,2016-12-31,39.5,33.25,47.75,32.65,63483493.0
HSCL,2017-12-31,33.3,153.75,178.2,33.25,348416787.0
HSCL,2018-12-31,154.4,131.4,196.8,106.1,266832420.0
HSCL,2019-12-31,132.2,60.65,137.8,54.05,131662095.0
HSCL,2020-12-31,60.8,43.75,73.8,27.2,480596363.0
HSCL,2021-12-31,43.55,45.15,62.3,39.7,2164730820.0
HSCL,2022-12-31,45.95,100.8,108.85,44.5,2242030213.0
HSCL,2023-12-31,101.0,309.5,313.8,80.2,773888353.0
HSCL,2024-12-31,310.85,584.7,688.7,272.0,336392057.0
HSCL,2025-12-31,589.5,487.85,606.6,365.35,383813751.0
HSCL,2026-12-31,487.75,678.75,819.5,421.0,1275198772.0
INNOVACAP,2023-12-31,452.1,541.4,542.5,452.1,15496570.0
INNOVACAP,2024-12-31,535.0,1115.4,1176.0,421.35,40647027.0
INNOVACAP,2025-12-31,1115.4,720.1,1260.0,660.0,15806526.0
INNOVACAP,2026-12-31,720.1,1281.0,1353.5,622.0,15766860.0
JASH,2017-12-31,34.56,39.25,41.49,26.6,25044000.0
JASH,2018-12-31,39.76,20.48,45.36,17.8,15414000.0
JASH,2019-12-31,20.4,26.01,29.98,14.04,7037905.0
JASH,2020-12-31,25.01,44.1,46.8,18.32,21393960.0
JASH,2021-12-31,44.33,86.49,125.6,44.0,38628655.0
JASH,2022-12-31,87.16,166.07,180.0,85.96,21752020.0
JASH,2023-12-31,166.2,312.88,325.4,160.97,10655930.0
JASH,2024-12-31,312.88,565.05,653.85,293.08,52992232.0
JASH,2025-12-31,568.0,439.95,698.95,417.9,47199834.0
JASH,2026-12-31,444.2,593.85,603.0,327.1,44969796.0
KABRAEXTRU,2016-12-31,115.0,106.35,144.75,96.2,1153233.0
KABRAEXTRU,2017-12-31,107.05,128.65,168.6,106.05,22121772.0
KABRAEXTRU,2018-12-31,130.0,75.45,142.75,61.05,11269809.0
KABRAEXTRU,2019-12-31,77.0,63.0,90.0,51.4,5628921.0
KABRAEXTRU,2020-12-31,63.05,97.5,108.0,35.05,9416311.0
KABRAEXTRU,2021-12-31,97.55,472.35,495.9,92.3,68690381.0
KABRAEXTRU,2022-12-31,471.0,487.65,564.45,258.45,29895256.0
KABRAEXTRU,2023-12-31,490.5,425.65,643.7,398.0,29112088.0
KABRAEXTRU,2024-12-31,427.5,551.15,582.0,290.65,39839508.0
KABRAEXTRU,2025-12-31,556.0,227.23,590.0,215.0,13811991.0
KABRAEXTRU,2026-12-31,229.03,846.4,846.4,180.0,28698449.0
KIRLOSBROS,2016-12-31,174.9,165.9,198.0,138.35,5926135.0
KIRLOSBROS,2017-12-31,166.4,331.45,343.0,164.0,21348338.0
KIRLOSBROS,2018-12-31,334.3,152.65,432.8,144.0,13827938.0
KIRLOSBROS,2019-12-31,151.15,148.05,200.2,118.65,7663465.0
KIRLOSBROS,2020-12-31,150.6,129.0,181.0,76.25,31187110.0
KIRLOSBROS,2021-12-31,130.0,334.05,499.2,126.45,28803732.0
KIRLOSBROS,2022-12-31,335.0,324.1,424.55,248.0,16759584.0
KIRLOSBROS,2023-12-31,324.0,888.05,1061.55,286.1,48313622.0
KIRLOSBROS,2024-12-31,888.0,2064.25,2684.0,837.0,44369095.0
KIRLOSBROS,2025-12-31,2073.55,1610.2,2475.0,1422.35,46883474.0
KIRLOSBROS,2026-12-31,1624.7,1771.9,2189.2,1335.0,24314694.0
KOVAI,2016-12-31,624.85,624.85,624.85,624.85,0.0
KOVAI,2017-12-31,624.85,624.85,624.85,624.85,0.0
KOVAI,2018-12-31,624.85,624.85,624.85,624.85,0.0
KOVAI,2019-12-31,624.85,624.85,624.85,624.85,0.0
KOVAI,2020-12-31,624.85,624.85,624.85,624.85,0.0
KOVAI,2021-12-31,624.85,1705.1,1889.0,624.85,655870.0
KOVAI,2022-12-31,1685.1,1682.45,1925.0,1299.45,957466.0
KOVAI,2023-12-31,1671.0,2576.65,2850.0,1671.0,1510803.0
KOVAI,2026-12-31,2576.65,6090.5,6444.0,2576.65,586035.0
KRISHANA,2017-12-31,3.6,3.6,3.98,3.1,121400000.0
KRISHANA,2018-12-31,3.6,5.43,5.7,2.8,25480000.0
KRISHANA,2019-12-31,5.4,6.11,6.89,4.41,7744030.0
KRISHANA,2020-12-31,6.11,7.49,8.3,3.89,5388760.0
KRISHANA,2021-12-31,7.79,16.5,19.97,6.15,41114190.0
KRISHANA,2022-12-31,17.09,43.06,48.8,16.56,91954770.0
KRISHANA,2023-12-31,43.06,49.59,55.94,40.35,100585610.0
KRISHANA,2024-12-31,49.86,40.07,62.39,39.02,63897065.0
KRISHANA,2025-12-31,40.0,106.44,123.8,35.03,217833680.0
KRISHANA,2026-12-31,106.44,187.24,206.39,91.21,207153302.0
KTKBANK,2016-12-31,113.79,101.86,121.91,91.0,220802855.0
KTKBANK,2017-12-31,102.09,137.86,164.55,100.82,833795933.0
KTKBANK,2018-12-31,138.73,102.0,154.0,84.23,786685879.0
KTKBANK,2019-12-31,102.05,65.5,128.41,61.64,458515058.0
KTKBANK,2020-12-31,65.45,57.75,75.0,34.2,600442781.0
KTKBANK,2021-12-31,58.0,61.55,81.85,51.6,696099434.0
KTKBANK,2022-12-31,61.7,152.15,168.5,55.2,665743382.0
KTKBANK,2023-12-31,153.9,234.05,257.7,124.5,569624728.0
KTKBANK,2024-12-31,234.05,214.53,285.0,192.0,452007322.0
KTKBANK,2025-12-31,214.3,205.5,220.4,162.2,604354081.0
KTKBANK,2026-12-31,205.5,335.5,345.9,175.32,567321834.0
LALPATHLAB,2016-12-31,581.0,535.47,640.0,495.0,10892050.0
LALPATHLAB,2017-12-31,537.47,440.65,568.3,361.52,55392462.0
LALPATHLAB,2018-12-31,441.02,455.15,561.0,399.2,42103632.0
LALPATHLAB,2019-12-31,454.98,746.97,849.25,448.55,45085050.0
LALPATHLAB,2020-12-31,747.5,1152.62,1197.35,589.78,84394106.0
LALPATHLAB,2021-12-31,1159.6,1911.12,2122.75,1099.07,164697966.0
LALPATHLAB,2022-12-31,1916.0,1130.22,1946.5,902.78,143046126.0
LALPATHLAB,2023-12-31,1130.25,1288.85,1383.55,881.03,116939490.0
LALPATHLAB,2024-12-31,1289.97,1500.2,1826.97,971.85,118997760.0
LALPATHLAB,2025-12-31,1495.62,1482.6,1770.0,1146.78,85528122.0
LALPATHLAB,2026-12-31,1483.3,1952.3,2038.6,1272.6,77337710.0
LAURUSLABS,2016-12-31,97.98,96.17,99.78,90.44,130066140.0
LAURUSLABS,2017-12-31,96.4,108.58,128.0,83.78,189517375.0
LAURUSLABS,2018-12-31,109.6,75.91,113.0,66.06,93328845.0
LAURUSLABS,2019-12-31,75.81,71.95,83.76,60.66,98813610.0
LAURUSLABS,2020-12-31,71.6,353.15,365.75,59.0,1488459339.0
LAURUSLABS,2021-12-31,354.8,538.9,723.75,333.05,810060624.0
LAURUSLABS,2022-12-31,543.5,375.25,626.3,368.65,455821231.0
LAURUSLABS,2023-12-31,376.95,430.2,438.75,278.85,555513824.0
LAURUSLABS,2024-12-31,431.0,602.7,604.7,360.85,583050745.0
LAURUSLABS,2025-12-31,605.05,1108.0,1119.0,501.15,579838375.0
LAURUSLABS,2026-12-31,1108.0,2007.0,2055.3,917.95,401204589.0
LTFOODS,2016-12-31,28.0,28.49,29.99,21.51,14319620.0
LTFOODS,2017-12-31,28.36,91.1,94.5,28.36,313168394.0
LTFOODS,2018-12-31,91.25,41.95,110.0,35.55,288686035.0
LTFOODS,2019-12-31,42.15,22.6,45.25,17.9,204785428.0
LTFOODS,2020-12-31,22.4,57.2,63.3,13.0,463901942.0
LTFOODS,2021-12-31,57.55,74.95,90.5,48.75,602145646.0
LTFOODS,2022-12-31,75.3,115.55,135.85,58.35,680919055.0
LTFOODS,2023-12-31,115.9,203.2,234.6,90.0,382408027.0
LTFOODS,2024-12-31,204.0,419.1,451.6,160.0,316984805.0
LTFOODS,2025-12-31,422.1,389.45,518.55,288.25,216059779.0
LTFOODS,2026-12-31,389.8,422.35,490.7,333.15,273524194.0
LUMAXTECH,2016-12-31,94.0,86.34,111.8,75.2,7903830.0
LUMAXTECH,2017-12-31,85.52,165.61,174.8,83.11,30777875.0
LUMAXTECH,2018-12-31,166.79,187.65,224.5,126.5,16202422.0
LUMAXTECH,2019-12-31,191.0,102.4,192.0,72.05,8471627.0
LUMAXTECH,2020-12-31,104.5,125.4,138.25,47.9,22663574.0
LUMAXTECH,2021-12-31,125.5,156.3,181.9,121.6,42687899.0
LUMAXTECH,2022-12-31,159.8,239.5,311.35,141.95,56696592.0
LUMAXTECH,2023-12-31,244.25,385.5,469.95,211.1,55209559.0
LUMAXTECH,2024-12-31,386.45,645.35,665.0,362.5,59067019.0
LUMAXTECH,2025-12-31,654.0,1544.5,1620.0,449.0,56369346.0
LUMAXTECH,2026-12-31,1553.0,2026.8,2190.0,1221.2,46604993.0
MANORAMA,2022-12-31,200.01,204.4,271.8,164.14,3093115.0
MANORAMA,2023-12-31,207.88,379.51,476.99,178.97,10774760.0
MANORAMA,2024-12-31,393.39,1075.75,1256.0,301.55,21247808.0
MANORAMA,2025-12-31,1085.0,1335.2,1760.0,740.5,32492992.0
MANORAMA,2026-12-31,1325.1,1872.8,2149.5,1060.6,46108497.0
MARICO,2016-12-31,284.45,260.45,289.9,234.8,89307870.0
MARICO,2017-12-31,260.0,322.5,348.7,252.55,274513929.0
MARICO,2018-12-31,322.5,373.4,396.6,282.95,407735763.0
MARICO,2019-12-31,375.4,341.6,404.0,324.25,449333558.0
MARICO,2020-12-31,341.85,402.65,420.8,234.0,792862118.0
MARICO,2021-12-31,403.6,512.65,607.7,379.1,574081108.0
MARICO,2022-12-31,513.55,509.85,554.35,455.65,382440569.0
MARICO,2023-12-31,509.85,548.5,595.0,462.7,358439488.0
MARICO,2024-12-31,550.0,639.5,719.85,486.3,611822901.0
MARICO,2025-12-31,636.0,750.6,765.3,577.85,486857825.0
MARICO,2026-12-31,755.0,819.0,889.1,708.3,340767752.0
MARKSANS,2016-12-31,47.75,39.85,58.3,37.6,180105549.0
MARKSANS,2017-12-31,40.0,39.95,58.25,34.2,827194322.0
MARKSANS,2018-12-31,39.85,27.85,50.35,23.55,678103416.0
MARKSANS,2019-12-31,27.95,16.7,28.65,11.4,231048984.0
MARKSANS,2020-12-31,16.8,60.65,66.2,9.85,588109278.0
MARKSANS,2021-12-31,61.0,60.15,97.6,49.15,948870895.0
MARKSANS,2022-12-31,60.5,58.25,65.0,38.6,358293101.0
MARKSANS,2023-12-31,58.35,161.1,172.0,57.9,716432986.0
MARKSANS,2024-12-31,162.5,296.65,358.7,130.0,628814574.0
MARKSANS,2025-12-31,298.8,180.29,308.0,162.0,320198960.0
MARKSANS,2026-12-31,181.8,336.95,350.95,155.0,426016141.0
MCX,2016-12-31,212.0,253.5,284.0,206.8,194229765.0
MCX,2017-12-31,254.0,182.31,261.0,179.34,402984350.0
MCX,2018-12-31,182.98,147.0,191.64,130.0,725548985.0
MCX,2019-12-31,147.26,233.61,244.0,128.7,758777065.0
MCX,2020-12-31,233.89,346.14,375.0,163.0,482469965.0
MCX,2021-12-31,348.0,316.56,427.0,286.46,630031495.0
MCX,2022-12-31,317.2,310.84,339.42,228.6,559117070.0
MCX,2023-12-31,300.2,639.97,668.8,257.01,928807660.0
MCX,2024-12-31,639.0,1246.82,1409.72,583.57,744101475.0
MCX,2025-12-31,1248.0,2227.2,2243.8,881.63,681041210.0
MCX,2026-12-31,2232.0,3324.9,3481.4,2125.5,590011916.0
METROPOLIS,2019-12-31,239.5,362.89,372.0,226.75,62193020.0
METROPOLIS,2020-12-31,357.55,490.33,580.75,249.51,135837264.0
METROPOLIS,2021-12-31,492.75,860.22,894.97,462.0,225150236.0
METROPOLIS,2022-12-31,864.97,331.88,870.9,316.76,332802648.0
METROPOLIS,2023-12-31,331.25,419.54,438.71,292.84,290022232.0
METROPOLIS,2024-12-31,421.12,519.16,579.58,362.5,243122940.0
METROPOLIS,2025-12-31,515.28,482.23,565.75,328.75,111895548.0
METROPOLIS,2026-12-31,483.75,582.6,609.05,412.25,58323790.0
MINDACORP,2016-12-31,107.65,88.7,119.45,85.0,15221509.0
MINDACORP,2017-12-31,89.7,214.35,228.8,87.75,130918317.0
MINDACORP,2018-12-31,216.0,147.7,221.95,105.5,71433853.0
MINDACORP,2019-12-31,147.9,100.35,156.05,65.55,35791446.0
MINDACORP,2020-12-31,100.95,89.7,122.0,52.75,212444027.0
MINDACORP,2021-12-31,89.8,168.6,179.85,84.45,238537291.0
MINDACORP,2022-12-31,172.0,204.55,287.0,163.5,253449600.0
MINDACORP,2023-12-31,204.55,386.25,404.25,185.0,279588187.0
MINDACORP,2024-12-31,386.0,489.5,652.0,365.85,172901266.0
MINDACORP,2025-12-31,489.0,574.1,619.95,445.05,132535238.0
MINDACORP,2026-12-31,577.0,678.85,769.0,468.5,77832643.0
MON100,2016-12-31,31.0,35.5,37.9,29.65,781230.0
MON100,2017-12-31,36.1,48.59,48.63,32.5,5578940.0
MON100,2018-12-31,48.6,43.82,65.59,41.0,6758050.0
MON100,2019-12-31,43.95,61.63,64.94,42.67,31453740.0
MON100,2020-12-31,61.6,92.67,101.05,49.92,130411070.0
MON100,2021-12-31,93.49,120.57,138.6,10.07,194181286.0
MON100,2022-12-31,121.0,88.96,129.9,84.4,214777890.0
MON100,2023-12-31,89.72,136.63,141.25,87.43,144642780.0
MON100,2024-12-31,136.95,214.21,218.74,132.22,154296241.0
MON100,2025-12-31,212.4,231.63,258.8,159.3,252484759.0
MON100,2026-12-31,234.0,324.11,354.9,213.01,150763347.0
MOTHERSON,2016-12-31,38.71,39.64,41.04,33.8,1253587603.0
MOTHERSON,2017-12-31,39.7,69.08,72.06,38.74,3873934966.0
MOTHERSON,2018-12-31,69.53,45.59,71.05,38.39,5104159254.0
MOTHERSON,2019-12-31,45.83,40.04,47.98,24.89,7891320228.0
MOTHERSON,2020-12-31,40.16,45.14,45.3,13.29,15899462397.0
MOTHERSON,2021-12-31,45.15,61.01,74.55,39.11,11594274972.0
MOTHERSON,2022-12-31,61.01,49.43,89.91,41.2,5247120876.0
MOTHERSON,2023-12-31,49.53,67.97,68.93,41.2,4979586203.0
MOTHERSON,2024-12-31,68.53,104.08,144.66,67.57,8238166275.0
MOTHERSON,2025-12-31,104.19,119.94,122.8,71.5,5187768669.0
MOTHERSON,2026-12-31,120.4,165.71,173.27,102.82,3623474893.0
MSTCLTD,2019-12-31,114.95,142.4,184.85,73.1,34291146.0
MSTCLTD,2020-12-31,142.95,163.8,235.2,73.1,105398676.0
MSTCLTD,2021-12-31,163.0,329.15,542.0,162.7,248462270.0
MSTCLTD,2022-12-31,331.0,294.35,388.2,224.3,104239505.0
MSTCLTD,2023-12-31,295.4,669.2,689.6,239.0,137151220.0
MSTCLTD,2024-12-31,673.65,679.0,1165.0,557.75,127013539.0
MSTCLTD,2025-12-31,678.95,522.9,724.3,411.1,63805024.0
MSTCLTD,2026-12-31,522.9,740.8,805.0,362.15,113629690.0
NAVINFLUOR,2016-12-31,474.0,505.33,575.2,430.0,4132160.0
NAVINFLUOR,2017-12-31,506.02,830.45,880.0,492.78,14114438.0
NAVINFLUOR,2018-12-31,834.8,698.9,860.0,583.05,15185594.0
NAVINFLUOR,2019-12-31,699.85,1006.95,1047.7,570.0,12573119.0
NAVINFLUOR,2020-12-31,1009.0,2612.2,2759.95,963.4,42598512.0
NAVINFLUOR,2021-12-31,2615.0,4188.5,4329.0,2217.4,64756253.0
NAVINFLUOR,2022-12-31,4197.9,4069.25,4848.35,3360.0,44215656.0
NAVINFLUOR,2023-12-31,4069.25,3853.2,4950.0,3356.55,46176284.0
NAVINFLUOR,2024-12-31,3852.0,3245.8,3897.4,2875.95,55630572.0
NAVINFLUOR,2025-12-31,3246.3,5920.0,6223.0,3202.15,52692140.0
NAVINFLUOR,2026-12-31,5950.0,8584.5,8949.5,5606.5,37743563.0
NEOGEN,2019-12-31,251.0,356.95,417.9,243.0,12856242.0
NEOGEN,2020-12-31,359.95,726.9,819.55,303.25,12167761.0
NEOGEN,2021-12-31,730.5,1644.65,1844.0,681.0,27467375.0
NEOGEN,2022-12-31,1657.25,1250.65,1930.0,1200.0,9965772.0
NEOGEN,2023-12-31,1232.1,1480.05,1859.3,1140.0,13023288.0
NEOGEN,2024-12-31,1488.0,2231.15,2420.0,1176.0,19284852.0
NEOGEN,2025-12-31,2186.5,1184.2,2235.45,966.7,25464320.0
NEOGEN,2026-12-31,1184.2,2385.2,2499.7,1090.5,25050091.0
NEULANDLAB,2016-12-31,1013.4,1032.3,1055.0,918.95,1067173.0
NEULANDLAB,2017-12-31,1040.0,892.85,1727.0,849.95,9030301.0
NEULANDLAB,2018-12-31,908.0,458.35,915.0,425.0,4093878.0
NEULANDLAB,2019-12-31,458.9,418.15,827.3,380.25,6551673.0
NEULANDLAB,2020-12-31,424.45,1095.3,1335.0,245.75,29244799.0
NEULANDLAB,2021-12-31,1099.9,1545.05,2844.4,1080.0,16367135.0
NEULANDLAB,2022-12-31,1560.5,1666.95,2002.0,967.0,12640560.0
NEULANDLAB,2023-12-31,1686.0,5291.4,5601.4,1318.1,14301314.0
NEULANDLAB,2024-12-31,5360.0,13723.8,18100.0,5021.1,11844505.0
NEULANDLAB,2025-12-31,13785.85,15175.0,19747.0,10190.7,16003290.0
NEULANDLAB,2026-12-31,15277.0,21890.0,24225.0,11500.0,10077780.0
NGLFINE,2022-12-31,1849.95,1536.1,1990.65,1377.1,577453.0
NGLFINE,2023-12-31,1555.15,2230.45,2439.95,1175.05,1519109.0
NGLFINE,2024-12-31,2240.0,1811.15,2823.9,1702.35,1593881.0
NGLFINE,2025-12-31,1818.9,1406.2,2050.0,957.0,1128032.0
NGLFINE,2026-12-31,1413.2,2906.1,3602.0,1357.0,2318541.0
NH,2016-12-31,320.85,342.9,379.0,281.0,8115024.0
NH,2017-12-31,344.5,298.25,350.0,281.45,23571336.0
NH,2018-12-31,299.0,195.1,320.9,193.0,19069397.0
NH,2019-12-31,195.1,307.3,319.5,182.8,27522838.0
NH,2020-12-31,309.6,448.15,453.5,204.0,74384379.0
NH,2021-12-31,448.5,639.5,652.0,380.0,104978604.0
NH,2022-12-31,648.0,760.45,820.0,588.45,58813142.0
NH,2023-12-31,764.7,1201.95,1314.1,705.1,68252506.0
NH,2024-12-31,1205.0,1272.8,1444.9,1080.0,90159400.0
NH,2025-12-31,1270.0,1892.0,2370.2,1256.55,160589278.0
NH,2026-12-31,1880.0,1861.4,2092.9,1589.0,55702016.0
NILKAMAL,2016-12-31,1348.9,1263.25,1841.9,1210.0,10964235.0
NILKAMAL,2017-12-31,1270.0,1837.25,2275.0,1255.1,23632067.0
NILKAMAL,2018-12-31,1859.8,1479.35,2134.0,1443.35,8022054.0
NILKAMAL,2019-12-31,1481.2,1303.9,1487.0,889.85,4007116.0
NILKAMAL,2020-12-31,1317.0,1496.75,1633.7,912.0,5071355.0
NILKAMAL,2021-12-31,1482.0,2436.65,3180.0,1424.95,6290428.0
NILKAMAL,2022-12-31,2420.0,1886.9,2702.0,1692.95,1817816.0
NILKAMAL,2023-12-31,1883.9,2238.15,2805.0,1700.0,1814295.0
NILKAMAL,2024-12-31,2246.4,1907.85,2263.05,1690.0,3284373.0
NILKAMAL,2025-12-31,1912.8,1379.2,2020.0,1330.7,1021438.0
NILKAMAL,2026-12-31,1366.7,1884.0,2149.5,1050.5,8884172.0
NRBBEARING,2016-12-31,138.0,107.1,138.9,100.0,1141221.0
NRBBEARING,2017-12-31,110.95,172.7,182.3,102.65,36413667.0
NRBBEARING,2018-12-31,173.6,207.55,223.85,130.8,45339556.0
NRBBEARING,2019-12-31,208.8,96.05,219.3,74.0,28276046.0
NRBBEARING,2020-12-31,95.7,100.75,114.6,48.0,81269843.0
NRBBEARING,2021-12-31,100.9,159.55,175.05,96.5,129380714.0
NRBBEARING,2022-12-31,161.8,152.65,189.7,108.0,64601824.0
NRBBEARING,2023-12-31,153.0,335.85,342.3,125.0,103944265.0
NRBBEARING,2024-12-31,341.45,279.7,401.55,242.6,65734836.0
NRBBEARING,2025-12-31,277.15,269.15,313.25,191.45,50479214.0
NRBBEARING,2026-12-31,270.35,534.8,548.8,212.55,114362900.0
PARAGMILK,2016-12-31,303.0,260.45,328.7,250.0,7133108.0
PARAGMILK,2017-12-31,263.5,298.15,312.95,202.0,93081160.0
PARAGMILK,2018-12-31,297.95,247.7,368.95,215.0,125753600.0
PARAGMILK,2019-12-31,247.7,133.95,276.0,125.0,54005179.0
PARAGMILK,2020-12-31,134.95,114.35,162.9,48.5,177559616.0
PARAGMILK,2021-12-31,114.35,111.8,159.9,94.0,192264011.0
PARAGMILK,2022-12-31,112.0,102.85,128.6,65.5,114734617.0
PARAGMILK,2023-12-31,104.0,232.35,263.4,68.05,303482994.0
PARAGMILK,2024-12-31,234.2,188.15,289.75,149.8,321087508.0
PARAGMILK,2025-12-31,188.8,290.45,376.95,135.49,283797168.0
PARAGMILK,2026-12-31,290.05,268.9,307.3,177.84,165831705.0
PERSISTENT,2016-12-31,298.45,308.25,353.5,291.58,13580210.0
PERSISTENT,2017-12-31,308.55,359.0,361.52,279.5,60369484.0
PERSISTENT,2018-12-31,360.0,311.33,457.5,266.15,115982318.0
PERSISTENT,2019-12-31,314.0,337.08,350.0,234.38,73122044.0
PERSISTENT,2020-12-31,338.92,758.58,774.5,210.02,80199966.0
PERSISTENT,2021-12-31,755.0,2452.18,2462.5,738.9,119280812.0
PERSISTENT,2022-12-31,2470.0,1935.45,2493.75,1546.03,159787678.0
PERSISTENT,2023-12-31,1944.47,3694.7,3780.0,1920.0,204958076.0
PERSISTENT,2024-12-31,3712.5,6457.7,6788.9,3232.05,135600732.0
PERSISTENT,2025-12-31,6457.65,6272.0,6599.0,4148.95,134065371.0
PERSISTENT,2026-12-31,6285.0,5372.0,6598.0,4244.5,128363259.0
PHARMABEES,2021-12-31,17.44,14.23,17.44,13.12,93920651.0
PHARMABEES,2022-12-31,14.24,12.73,15.72,11.75,239933087.0
PHARMABEES,2023-12-31,12.74,17.09,17.5,11.56,550419286.0
PHARMABEES,2024-12-31,17.6,23.84,24.53,17.0,999920722.0
PHARMABEES,2025-12-31,23.8,23.34,24.65,19.47,1040425949.0
PHARMABEES,2026-12-31,23.6,27.8,28.58,21.69,1166738116.0
POLYCAB,2019-12-31,633.0,992.25,1091.7,525.15,67836109.0
POLYCAB,2020-12-31,988.15,1036.85,1182.0,570.0,84870493.0
POLYCAB,2021-12-31,1038.8,2466.5,2648.0,1031.0,115907641.0
POLYCAB,2022-12-31,2470.0,2569.1,3025.0,2043.85,97979474.0
POLYCAB,2023-12-31,2570.2,5484.85,5733.0,2546.05,123668489.0
POLYCAB,2024-12-31,5500.0,7272.35,7605.0,3801.0,165252877.0
POLYCAB,2025-12-31,7285.0,7619.0,7903.0,4555.0,106076425.0
POLYCAB,2026-12-31,7615.0,8408.5,10126.0,6663.0,75905559.0
PPLPHARMA,2022-12-31,195.31,111.96,195.31,110.4,273802696.0
PPLPHARMA,2023-12-31,112.74,138.85,142.5,61.62,1608837154.0
PPLPHARMA,2024-12-31,138.9,266.25,307.9,114.35,1812564600.0
PPLPHARMA,2025-12-31,265.0,172.21,267.65,165.12,1228495836.0
PPLPHARMA,2026-12-31,172.75,210.31,231.93,132.3,1003401717.0
PRICOLLTD,2016-12-31,103.34,81.16,117.3,69.21,47357282.0
PRICOLLTD,2017-12-31,81.16,102.41,112.41,67.34,75850825.0
PRICOLLTD,2018-12-31,103.12,44.85,122.28,40.0,53270472.0
PRICOLLTD,2019-12-31,45.65,42.76,48.18,19.47,56103159.0
PRICOLLTD,2020-12-31,42.67,46.6,59.12,24.22,76273638.0
PRICOLLTD,2021-12-31,47.25,111.1,131.25,45.9,356210819.0
PRICOLLTD,2022-12-31,111.1,190.85,216.9,88.9,273974628.0
PRICOLLTD,2023-12-31,192.3,379.85,393.0,174.75,184695293.0
PRICOLLTD,2024-12-31,379.85,543.1,598.8,330.05,119838275.0
PRICOLLTD,2025-12-31,542.1,661.1,693.25,367.85,120812851.0
PRICOLLTD,2026-12-31,663.5,759.4,823.0,508.95,100370954.0
PRIVISCL,2016-12-31,337.03,389.52,416.3,300.29,1312673.0
PRIVISCL,2017-12-31,385.55,386.48,461.74,286.28,2315167.0
PRIVISCL,2018-12-31,392.71,272.62,400.18,245.92,3139285.0
PRIVISCL,2019-12-31,269.27,369.2,447.89,246.42,4252288.0
PRIVISCL,2020-12-31,373.09,531.25,608.0,273.23,15798597.0
PRIVISCL,2021-12-31,539.05,1819.25,2074.0,526.0,13815214.0
PRIVISCL,2022-12-31,1831.25,1143.35,2249.0,1015.3,8271790.0
PRIVISCL,2023-12-31,1154.0,1176.25,1365.5,871.05,8970798.0
PRIVISCL,2024-12-31,1190.0,1762.05,2017.0,975.0,10903028.0
PRIVISCL,2025-12-31,1771.3,2804.4,3440.5,1368.15,31623396.0
PRIVISCL,2026-12-31,2811.9,3594.1,3785.3,2570.8,18220834.0
RADICO,2016-12-31,112.0,112.0,150.4,105.5,66774263.0
RADICO,2017-12-31,112.35,293.9,308.9,106.55,284175556.0
RADICO,2018-12-31,293.5,400.45,499.0,287.6,277943345.0
RADICO,2019-12-31,402.0,313.5,449.0,261.95,109335634.0
RADICO,2020-12-31,314.8,457.3,485.0,220.0,149293883.0
RADICO,2021-12-31,459.0,1236.15,1285.0,452.75,146034360.0
RADICO,2022-12-31,1226.0,1012.4,1294.0,723.2,79453564.0
RADICO,2023-12-31,1024.0,1658.25,1885.1,1008.15,65444462.0
RADICO,2024-12-31,1669.3,2605.9,2629.8,1429.85,70343870.0
RADICO,2025-12-31,2605.9,3298.4,3591.9,1845.5,73002569.0
RADICO,2026-12-31,3282.0,4557.1,4747.0,2500.0,75217428.0
RPGLIFE,2016-12-31,507.4,480.25,522.5,373.0,5172854.0
RPGLIFE,2017-12-31,480.95,481.45,536.2,296.7,12649224.0
RPGLIFE,2018-12-31,482.7,237.55,610.05,200.0,12990664.0
RPGLIFE,2019-12-31,236.2,310.75,334.95,151.4,8547967.0
RPGLIFE,2020-12-31,310.75,368.9,429.0,142.95,20134952.0
RPGLIFE,2021-12-31,371.5,618.3,752.45,359.75,29609685.0
RPGLIFE,2022-12-31,621.4,847.05,1012.75,450.55,12794312.0
RPGLIFE,2023-12-31,850.05,1335.85,1505.0,645.5,9237873.0
RPGLIFE,2024-12-31,1320.8,2184.45,2974.95,1307.0,7774600.0
RPGLIFE,2025-12-31,2206.3,2322.3,2725.0,1835.0,5061003.0
RPGLIFE,2026-12-31,2322.3,3050.6,3127.8,1733.0,5323863.0
SAREGAMA,2016-12-31,23.43,20.91,29.55,17.61,39445953.0
SAREGAMA,2017-12-31,21.0,80.65,93.31,19.41,561196637.0
SAREGAMA,2018-12-31,81.16,58.35,85.15,45.03,218045804.0
SAREGAMA,2019-12-31,59.29,41.89,62.21,30.52,53829601.0
SAREGAMA,2020-12-31,42.12,81.21,81.82,17.68,96713297.0
SAREGAMA,2021-12-31,79.7,509.69,533.63,77.86,89424179.0
SAREGAMA,2022-12-31,515.16,374.61,535.17,336.61,46679553.0
SAREGAMA,2023-12-31,370.82,370.7,475.75,294.76,88448645.0
SAREGAMA,2024-12-31,374.7,462.8,688.9,325.85,193426181.0
SAREGAMA,2025-12-31,460.3,351.0,603.8,340.3,170305080.0
SAREGAMA,2026-12-31,352.45,496.9,574.5,307.05,292017067.0
SBCL,2021-12-31,87.67,251.4,298.0,76.73,15888729.0
SBCL,2022-12-31,256.0,406.9,506.67,221.93,28224942.0
SBCL,2023-12-31,406.75,550.55,750.0,361.25,46353771.0
SBCL,2024-12-31,555.0,575.45,729.8,460.0,42853944.0
SBCL,2025-12-31,571.0,429.7,605.0,342.0,28491520.0
SBCL,2026-12-31,427.1,1154.5,1215.7,368.6,83272949.0
SHILPAMED,2016-12-31,272.05,345.45,393.45,258.5,10954928.0
SHILPAMED,2017-12-31,347.95,309.55,374.95,267.55,20178158.0
SHILPAMED,2018-12-31,312.2,192.77,318.9,179.65,19847328.0
SHILPAMED,2019-12-31,197.5,141.05,217.52,104.05,15021528.0
SHILPAMED,2020-12-31,141.05,225.15,347.5,116.57,172374926.0
SHILPAMED,2021-12-31,225.45,267.55,335.2,155.8,274002014.0
SHILPAMED,2022-12-31,268.7,139.18,303.0,131.05,117600236.0
SHILPAMED,2023-12-31,139.23,165.15,198.5,111.3,418176446.0
SHILPAMED,2024-12-31,164.9,407.75,479.75,156.57,260833978.0
SHILPAMED,2025-12-31,409.4,321.15,500.0,277.5,103099956.0
SHILPAMED,2026-12-31,320.0,1013.45,1075.0,259.5,209358101.0
SHYAMMETL,2021-12-31,380.0,342.85,461.15,300.0,168822497.0
SHYAMMETL,2022-12-31,343.95,313.6,385.5,273.1,52869677.0
SHYAMMETL,2023-12-31,313.95,627.8,633.7,254.55,156495408.0
SHYAMMETL,2024-12-31,636.0,729.4,956.9,511.2,214156207.0
SHYAMMETL,2025-12-31,726.8,847.65,1001.0,628.25,89323481.0
SHYAMMETL,2026-12-31,842.0,1085.6,1148.0,746.0,87300068.0
SIEMENS,2016-12-31,747.81,653.04,763.07,594.04,17796297.0
SIEMENS,2017-12-31,654.62,726.73,863.68,649.37,83887272.0
SIEMENS,2018-12-31,725.0,614.53,784.23,499.1,155035030.0
SIEMENS,2019-12-31,616.35,878.56,1008.14,549.26,229472110.0
SIEMENS,2020-12-31,878.56,924.85,962.09,556.42,279387404.0
SIEMENS,2021-12-31,924.85,1386.11,1512.61,918.65,182408597.0
SIEMENS,2022-12-31,1388.87,1659.1,1842.3,1262.11,145306732.0
SIEMENS,2023-12-31,1670.6,2362.5,2491.81,1649.47,164110498.0
SIEMENS,2024-12-31,2365.02,3836.66,4772.25,2327.45,161220578.0
SIEMENS,2025-12-31,3844.85,3063.3,3956.38,2450.0,148648034.0
SIEMENS,2026-12-31,3072.0,3877.0,4149.4,2826.0,76150648.0
SIRCA,2018-12-31,51.48,81.33,89.0,47.18,14388000.0
SIRCA,2019-12-31,81.33,118.88,127.5,67.1,5500854.0
SIRCA,2020-12-31,115.3,146.73,173.0,78.7,11626260.0
SIRCA,2021-12-31,145.05,267.88,312.5,136.1,35307168.0
SIRCA,2022-12-31,268.25,336.0,400.45,195.55,22396226.0
SIRCA,2023-12-31,337.5,409.85,433.65,287.62,32979071.0
SIRCA,2024-12-31,415.9,343.1,444.0,282.05,40542975.0
SIRCA,2025-12-31,343.1,486.65,539.0,230.69,78219274.0
SIRCA,2026-12-31,486.05,410.3,507.65,385.0,62725217.0
SMSPHARMA,2016-12-31,96.72,83.73,109.14,76.81,12489942.0
SMSPHARMA,2017-12-31,83.25,103.4,120.7,65.0,40962572.0
SMSPHARMA,2018-12-31,105.15,67.4,116.7,60.0,17618861.0
SMSPHARMA,2019-12-31,69.5,40.65,81.9,37.1,8935027.0
SMSPHARMA,2020-12-31,41.7,118.15,120.7,24.0,90564049.0
SMSPHARMA,2021-12-31,119.0,128.5,198.8,110.1,47206022.0
SMSPHARMA,2022-12-31,128.65,82.8,158.85,68.4,22889045.0
SMSPHARMA,2023-12-31,83.8,118.7,140.0,54.55,28103565.0
SMSPHARMA,2024-12-31,119.9,238.85,398.0,117.9,126023871.0
SMSPHARMA,2025-12-31,238.85,310.4,335.0,176.05,93376499.0
SMSPHARMA,2026-12-31,309.4,475.0,494.45,293.15,91191689.0
SOLARINDS,2016-12-31,657.95,674.9,708.0,625.0,1237420.0
SOLARINDS,2017-12-31,680.0,1180.15,1272.8,672.1,6549915.0
SOLARINDS,2018-12-31,1182.95,1088.5,1300.0,941.0,5480153.0
SOLARINDS,2019-12-31,1088.55,1060.35,1311.0,924.3,4146048.0
SOLARINDS,2020-12-31,1060.0,1093.95,1317.05,773.05,10287363.0
SOLARINDS,2021-12-31,1094.4,2421.55,2938.0,1084.7,18871359.0
SOLARINDS,2022-12-31,2429.0,4384.55,4435.0,2163.55,12903426.0
SOLARINDS,2023-12-31,4448.0,6727.5,7832.9,3453.35,17920644.0
SOLARINDS,2024-12-31,6781.35,9783.3,13298.0,6275.0,34633131.0
SOLARINDS,2025-12-31,9750.0,12252.0,17820.0,8482.5,32653556.0
SOLARINDS,2026-12-31,12335.0,19745.0,22700.0,12000.0,31725668.0
SONACOMS,2021-12-31,301.0,743.55,839.9,295.0,467902349.0
SONACOMS,2022-12-31,743.55,419.5,794.8,398.05,350882315.0
SONACOMS,2023-12-31,422.7,644.5,651.65,401.1,522858864.0
SONACOMS,2024-12-31,646.0,594.8,768.65,562.1,467092498.0
SONACOMS,2025-12-31,596.8,479.4,607.3,380.0,690590343.0
SONACOMS,2026-12-31,481.95,824.5,844.0,437.7,407445087.0
STLTECH,2016-12-31,84.95,96.25,113.05,73.85,55435889.0
STLTECH,2017-12-31,95.5,292.55,309.3,95.4,355716055.0
STLTECH,2018-12-31,294.0,293.45,415.0,255.4,361931666.0
STLTECH,2019-12-31,296.0,118.55,301.85,96.6,465905921.0
STLTECH,2020-12-31,118.15,182.25,189.9,58.65,488932241.0
STLTECH,2021-12-31,183.45,287.75,318.0,171.45,202803169.0
STLTECH,2022-12-31,287.95,175.75,292.7,128.6,312845621.0
STLTECH,2023-12-31,176.8,142.8,192.9,128.55,364733804.0
STLTECH,2024-12-31,144.0,114.57,155.05,109.5,716734847.0
STLTECH,2025-12-31,114.78,103.2,140.4,58.86,876616968.0
STLTECH,2026-12-31,103.0,837.2,912.0,84.6,919410917.0
SUDARSCHEM,2016-12-31,388.0,311.3,413.75,261.15,14987521.0
SUDARSCHEM,2017-12-31,321.0,374.25,458.8,312.2,30041990.0
SUDARSCHEM,2018-12-31,380.85,339.15,634.6,311.35,20770995.0
SUDARSCHEM,2019-12-31,339.2,407.1,435.0,290.2,16159303.0
SUDARSCHEM,2020-12-31,408.0,479.4,538.0,290.1,67498367.0
SUDARSCHEM,2021-12-31,481.8,557.75,794.0,478.25,95460046.0
SUDARSCHEM,2022-12-31,560.0,389.7,640.0,350.1,36908324.0
SUDARSCHEM,2023-12-31,389.0,549.0,566.95,341.0,47847327.0
SUDARSCHEM,2024-12-31,546.0,1143.8,1234.45,500.95,87825083.0
SUDARSCHEM,2025-12-31,1143.8,947.7,1603.0,796.15,46446108.0
SUDARSCHEM,2026-12-31,953.7,1218.9,1347.0,726.4,51167923.0
SUPRIYA,2021-12-31,421.0,483.7,527.85,383.2,66835420.0
SUPRIYA,2022-12-31,490.0,235.05,601.9,221.75,143957770.0
SUPRIYA,2023-12-31,237.2,314.75,325.25,170.15,84873887.0
SUPRIYA,2024-12-31,316.4,739.8,835.2,288.9,125654390.0
SUPRIYA,2025-12-31,744.8,751.5,842.0,556.15,67270488.0
SUPRIYA,2026-12-31,753.0,985.2,1085.0,545.5,62448436.0
SYRMA,2022-12-31,260.0,280.85,342.8,249.15,171066331.0
SYRMA,2023-12-31,280.85,671.0,705.2,248.1,202591652.0
SYRMA,2024-12-31,665.45,590.15,672.8,376.35,260425321.0
SYRMA,2025-12-31,592.85,733.15,909.9,370.0,389569883.0
SYRMA,2026-12-31,733.0,1732.6,1803.9,634.5,284391938.0
TATVA,2021-12-31,2111.85,2655.75,2977.8,2001.0,23463045.0
TATVA,2022-12-31,2656.0,2150.65,2958.65,1955.65,5833788.0
TATVA,2023-12-31,2145.0,1601.8,2192.0,1399.9,5349934.0
TATVA,2024-12-31,1620.0,889.5,1634.95,788.5,11116541.0
TATVA,2025-12-31,882.1,1334.2,1610.0,621.0,32320839.0
TATVA,2026-12-31,1333.0,1793.2,1838.1,1044.1,17543180.0
TDPOWERSYS,2016-12-31,18.66,16.97,22.3,16.25,16893560.0
TDPOWERSYS,2017-12-31,17.16,19.33,26.99,15.3,243801060.0
TDPOWERSYS,2018-12-31,19.41,12.99,23.3,9.5,161333250.0
TDPOWERSYS,2019-12-31,12.95,13.81,16.9,11.51,52481340.0
TDPOWERSYS,2020-12-31,13.99,15.24,19.0,7.0,152389810.0
TDPOWERSYS,2021-12-31,15.25,44.85,45.67,12.1,280264200.0
TDPOWERSYS,2022-12-31,44.87,59.3,68.48,31.61,202961734.0
TDPOWERSYS,2023-12-31,59.5,130.02,153.93,59.38,324877450.0
TDPOWERSYS,2024-12-31,131.25,225.52,241.43,128.48,341803608.0
TDPOWERSYS,2025-12-31,225.65,351.02,424.98,146.5,506350430.0
TDPOWERSYS,2026-12-31,350.7,751.55,817.55,301.2,458992109.0
TEGA,2021-12-31,760.0,593.25,767.7,545.4,35170971.0
TEGA,2022-12-31,596.0,579.4,659.0,397.0,28508944.0
TEGA,2023-12-31,587.9,1152.0,1224.4,550.0,27198091.0
TEGA,2024-12-31,1164.85,1566.35,2328.9,1059.85,18829869.0
TEGA,2025-12-31,1566.35,1950.7,2125.0,1200.05,41133339.0
TEGA,2026-12-31,1953.0,2091.6,2175.0,1473.0,37965122.0
TIIL,2016-12-31,347.5,362.1,414.9,301.0,1087374.0
TIIL,2017-12-31,365.75,540.45,554.9,360.55,4053083.0
TIIL,2018-12-31,539.85,594.75,649.8,479.95,3248405.0
TIIL,2019-12-31,596.4,290.85,605.0,280.0,1821022.0
TIIL,2020-12-31,285.05,356.3,389.0,144.45,3954654.0
TIIL,2021-12-31,361.0,781.55,994.0,336.3,9759010.0
TIIL,2022-12-31,781.55,907.5,1239.9,701.05,5051869.0
TIIL,2023-12-31,909.0,2536.9,2725.0,883.1,7901877.0
TIIL,2024-12-31,2502.3,2730.6,3933.0,1532.5,7395138.0
TIIL,2025-12-31,2758.9,2251.5,3383.0,2050.0,3375124.0
TIIL,2026-12-31,2266.9,3003.4,3565.3,1868.5,4614895.0
TIMEX,2026-12-31,335.0,732.05,748.0,323.0,58730349.0
TIPSMUSIC,2016-12-31,5.56,5.78,8.1,5.11,8381692.0
TIPSMUSIC,2017-12-31,5.76,11.02,15.01,5.27,61540945.0
TIPSMUSIC,2018-12-31,11.4,5.91,14.11,5.52,44311150.0
TIPSMUSIC,2019-12-31,5.83,8.48,10.73,4.91,34853140.0
TIPSMUSIC,2020-12-31,8.52,29.91,33.35,6.78,82135598.0
TIPSMUSIC,2021-12-31,32.02,173.9,178.86,31.38,60815141.0
TIPSMUSIC,2022-12-31,177.26,176.47,247.6,125.01,29114250.0
TIPSMUSIC,2023-12-31,176.0,341.9,399.35,143.0,58720996.0
TIPSMUSIC,2024-12-31,343.5,761.2,950.0,335.95,100763842.0
TIPSMUSIC,2025-12-31,760.0,552.25,760.5,483.0,62853887.0
TIPSMUSIC,2026-12-31,557.8,668.95,741.0,481.15,82127774.0
TORNTPHARM,2016-12-31,820.45,658.58,849.5,597.05,24316182.0
TORNTPHARM,2017-12-31,658.58,709.28,787.62,570.97,87760512.0
TORNTPHARM,2018-12-31,709.5,885.7,936.4,610.6,117644356.0
TORNTPHARM,2019-12-31,891.97,924.53,981.0,726.0,131091960.0
TORNTPHARM,2020-12-31,927.45,1401.35,1515.6,791.62,331299972.0
TORNTPHARM,2021-12-31,1401.45,1639.22,1649.25,1155.55,136528580.0
TORNTPHARM,2022-12-31,1639.25,1550.6,1750.0,1242.07,87751070.0
TORNTPHARM,2023-12-31,1556.65,2305.55,2310.15,1445.55,83512075.0
TORNTPHARM,2024-12-31,2325.0,3360.05,3590.7,2288.7,75561720.0
TORNTPHARM,2025-12-31,3368.15,3850.0,3882.2,2886.45,84201371.0
TORNTPHARM,2026-12-31,3860.0,4988.5,5250.0,3695.0,81990565.0
UNIMECH,2024-12-31,1460.0,1376.25,1485.0,1327.75,8420710.0
UNIMECH,2025-12-31,1381.0,908.1,1523.75,850.0,41064203.0
UNIMECH,2026-12-31,915.9,1665.1,1868.2,695.0,28201974.0
UNOMINDA,2016-12-31,48.26,50.02,66.98,43.46,50572046.0
UNOMINDA,2017-12-31,50.14,213.33,221.93,49.39,172316596.0
UNOMINDA,2018-12-31,214.59,160.77,228.35,145.27,139902402.0
UNOMINDA,2019-12-31,159.2,175.04,195.39,129.7,78012245.0
UNOMINDA,2020-12-31,177.11,199.68,211.88,102.61,128136796.0
UNOMINDA,2021-12-31,200.68,612.42,628.7,193.7,216039936.0
UNOMINDA,2022-12-31,614.92,521.2,622.35,384.48,141552464.0
UNOMINDA,2023-12-31,523.85,687.65,694.7,435.0,125978317.0
UNOMINDA,2024-12-31,695.3,1053.2,1255.0,604.55,215116677.0
UNOMINDA,2025-12-31,1058.0,1285.8,1382.0,767.6,194799312.0
UNOMINDA,2026-12-31,1283.1,1218.0,1355.0,994.0,161423394.0
USHAMART,2016-12-31,12.85,15.0,20.0,11.5,53971596.0
USHAMART,2017-12-31,14.65,24.8,28.85,14.65,317295158.0
USHAMART,2018-12-31,25.0,36.15,45.7,17.95,403980585.0
USHAMART,2019-12-31,36.2,27.0,44.0,22.2,144758095.0
USHAMART,2020-12-31,27.05,36.8,38.35,10.35,173934421.0
USHAMART,2021-12-31,36.9,90.1,102.55,28.25,564214768.0
USHAMART,2022-12-31,90.95,172.2,180.65,80.8,258825877.0
USHAMART,2023-12-31,176.0,296.45,374.0,166.05,266742903.0
USHAMART,2024-12-31,294.3,376.3,451.0,273.05,341559161.0
USHAMART,2025-12-31,378.0,454.0,497.1,278.55,197288364.0
USHAMART,2026-12-31,454.05,518.8,542.6,380.0,123691361.0
VIJAYA,2021-12-31,540.0,582.5,672.0,505.2,50816681.0
VIJAYA,2022-12-31,591.75,437.15,601.0,295.0,43995708.0
VIJAYA,2023-12-31,439.0,675.7,686.1,349.25,72164418.0
VIJAYA,2024-12-31,675.0,1056.85,1249.95,596.05,86811430.0
VIJAYA,2025-12-31,1050.0,1061.0,1275.0,740.0,148551084.0
VIJAYA,2026-12-31,1061.9,1513.6,1593.6,848.0,37200750.0
VOLTAMP,2016-12-31,813.65,887.7,1003.0,760.5,1963796.0
VOLTAMP,2017-12-31,890.0,1121.55,1368.4,880.1,5318929.0
VOLTAMP,2018-12-31,1124.3,1090.35,1277.0,731.05,2559366.0
VOLTAMP,2019-12-31,1085.05,1206.4,1274.0,925.0,1766405.0
VOLTAMP,2020-12-31,1206.45,1248.15,1483.0,739.4,4489234.0
VOLTAMP,2021-12-31,1254.0,1992.05,2255.25,984.35,5544737.0
VOLTAMP,2022-12-31,2002.05,2772.5,3691.2,1729.0,7063865.0
VOLTAMP,2023-12-31,2750.0,6520.6,6700.0,2387.5,7895741.0
VOLTAMP,2024-12-31,6553.25,10135.8,14800.0,6313.2,8028452.0
VOLTAMP,2025-12-31,10200.0,7852.0,10565.0,6051.0,13287400.0
VOLTAMP,2026-12-31,7880.0,10709.0,12863.0,6666.0,9382528.0
VSSL,2016-12-31,28.95,33.47,46.21,26.51,3459980.0
VSSL,2017-12-31,32.65,83.78,97.47,30.83,38979045.0
VSSL,2018-12-31,85.2,48.25,91.9,45.25,11443528.0
VSSL,2019-12-31,48.67,35.42,58.2,31.0,4965752.0
VSSL,2020-12-31,35.4,58.53,65.43,17.65,7211452.0
VSSL,2021-12-31,60.25,126.78,154.5,55.5,121238504.0
VSSL,2022-12-31,131.0,153.43,166.0,100.0,33317206.0
VSSL,2023-12-31,155.75,218.6,244.0,149.15,52867060.0
VSSL,2024-12-31,219.0,226.1,342.8,185.4,31567804.0
VSSL,2025-12-31,225.1,284.35,324.0,178.0,26860093.0
VSSL,2026-12-31,287.3,411.5,428.25,206.4,31540144.0
WABAG,2016-12-31,549.0,468.85,575.8,449.95,5766688.0
WABAG,2017-12-31,472.9,610.65,749.9,468.0,39135912.0
WABAG,2018-12-31,611.95,259.2,648.95,244.1,41208855.0
WABAG,2019-12-31,259.5,182.5,362.95,160.3,44962443.0
WABAG,2020-12-31,181.0,206.4,237.75,73.0,113832077.0
WABAG,2021-12-31,206.1,309.5,404.0,183.25,155376804.0
WABAG,2022-12-31,312.95,327.65,375.0,216.0,89993336.0
WABAG,2023-12-31,329.0,627.8,666.9,302.4,125308322.0
WABAG,2024-12-31,629.85,1643.1,1944.0,595.5,163267612.0
WABAG,2025-12-31,1660.0,1303.3,1690.0,1114.0,87889414.0
WABAG,2026-12-31,1310.0,2008.4,2319.0,1033.0,103760754.0
WELSPUNLIV,2016-12-31,56.0,66.85,72.95,51.7,215794570.0
WELSPUNLIV,2017-12-31,67.85,71.4,99.7,60.7,344910910.0
WELSPUNLIV,2018-12-31,72.1,59.8,82.5,48.8,544425658.0
WELSPUNLIV,2019-12-31,59.8,48.0,66.0,45.3,157566289.0
WELSPUNLIV,2020-12-31,48.15,67.9,78.0,18.45,376355644.0
WELSPUNLIV,2021-12-31,68.75,145.5,170.7,64.85,727937157.0
WELSPUNLIV,2022-12-31,146.0,77.1,160.0,62.2,458757035.0
WELSPUNLIV,2023-12-31,77.65,144.45,169.95,62.0,836854377.0
WELSPUNLIV,2024-12-31,145.9,156.79,212.95,122.65,900227660.0
WELSPUNLIV,2025-12-31,157.51,130.57,166.76,104.8,1281274688.0
WELSPUNLIV,2026-12-31,131.0,224.68,233.0,107.1,705551390.0
WOCKPHARMA,2016-12-31,816.24,606.34,871.13,578.17,71058388.0
WOCKPHARMA,2017-12-31,609.29,858.55,879.38,489.17,343920199.0
WOCKPHARMA,2018-12-31,859.15,482.35,932.9,403.26,418956923.0
WOCKPHARMA,2019-12-31,482.12,215.66,494.1,212.16,310671771.0
WOCKPHARMA,2020-12-31,217.18,503.83,525.26,135.23,328055243.0
WOCKPHARMA,2021-12-31,501.94,380.58,741.98,342.69,328676056.0
WOCKPHARMA,2022-12-31,380.58,223.05,420.82,201.5,217940335.0
WOCKPHARMA,2023-12-31,223.85,424.35,431.75,145.15,392653197.0
WOCKPHARMA,2024-12-31,428.95,1416.85,1536.6,402.65,171802231.0
WOCKPHARMA,2025-12-31,1416.85,1446.2,1868.8,1110.05,205015259.0
WOCKPHARMA,2026-12-31,1438.0,2265.6,2422.3,1086.7,235585138.0
ZYDUSLIFE,2016-12-31,393.05,356.65,429.8,328.8,43603030.0
ZYDUSLIFE,2017-12-31,357.9,433.5,558.5,329.4,297860287.0
ZYDUSLIFE,2018-12-31,438.45,348.45,456.75,332.25,372378360.0
ZYDUSLIFE,2019-12-31,348.65,254.3,359.75,206.5,420069720.0
ZYDUSLIFE,2020-12-31,254.95,476.75,499.25,202.0,1157870434.0
ZYDUSLIFE,2021-12-31,477.75,483.15,673.7,408.35,1063880116.0
ZYDUSLIFE,2022-12-31,485.3,419.95,486.85,319.0,359994093.0
ZYDUSLIFE,2023-12-31,419.85,689.2,696.5,414.15,285036543.0
ZYDUSLIFE,2024-12-31,688.1,971.7,1324.3,685.0,404801201.0
ZYDUSLIFE,2025-12-31,971.0,914.35,1059.05,795.0,277829499.0
ZYDUSLIFE,2026-12-31,919.8,1203.9,1208.6,835.5,217007581.0
