Symbol,Folio,Category,IC,CC,PnL,DD_52W,DD_ATH,LT_Type,LT_days,LT_Pert,W_BO,D_BO,M_BO,W_SL,M_SL,W_PSL,M_PSL,D_CHG,W_CHG,M_CHG,AvgPrice,Trend,CurPrice,Sector,MarketCap,Qty,LT_Date,LT_Price
AARTIPHARM,Sate,Sate,0.6,0.5,8.9,1.2,1.2,Buy,5,8.9,0,3,0,13.6,32.5,13.6,19.7,3.8,3.5,15.1,893.0,8,972.8,Healthcare - Pharma,Small Cap,25,2026-09-22,893.0
ABDL,Sate,Sate,0.5,0.4,-2.1,4.9,4.9,Buy,1,-2.1,-1,-1,2,9.0,22.2,9.0,11.4,-1.7,0.2,7.3,732.0,7,716.5,Beverages - Alcohol,Small Cap,25,2026-09-28,732.0
ACE,Sate,Sate,1.3,1.3,13.7,4.9,28.9,Buy,7,0.3,-1,-4,0,4.5,14.9,4.5,8.9,-3.2,-3.0,8.6,1060.83,5,1205.8,Auto - CV,Small Cap,48,2026-09-18,1202.0
ANANDRATHI,Sate,TFReport,0.4,0.4,-3.6,7.4,7.4,Buy,34,-3.6,-2,-7,-1,-2.3,4.7,-2.3,4.7,-5.6,-5.8,-4.7,2178.0,8,2100.6,Financials - Misc,Small Cap,8,2026-08-12,2178.0
APOLLO,Sate,Sate,0.5,0.4,-4.4,13.7,13.7,Buy,15,-4.4,-2,-10,-2,3.7,14.5,3.7,14.5,-4.4,-5.1,-5.9,421.0,8,402.6,Defense - Technology,Small Cap,50,2026-09-08,421.0
ARTEMISMED,Sate,Sate,1.1,1.0,3.0,3.2,3.2,Buy,0,-0.7,0,0,0,6.9,25.9,3.9,15.7,1.1,2.5,15.5,355.92,7,366.6,Healthcare - Hospitals,Small Cap,120,2026-09-29,369.0
AUROPHARMA,Sate,TFReport,1.0,0.9,5.2,2.4,2.4,Buy,1,-1.2,-2,-7,-1,1.3,7.5,1.3,3.8,-1.4,-2.1,-1.1,1614.36,5,1697.7,Healthcare - Pharma,Mid Cap,25,2026-09-28,1718.0
AVALON,Sate,Sate,0.2,0.2,-5.7,12.1,12.1,Buy,7,-5.7,-1,-6,-1,1.0,24.5,1.0,24.5,-8.3,-9.7,-3.0,2442.0,5,2302.0,Electronic - Equipment,Small Cap,4,2026-09-18,2442.0
BBOX,Sate,Sate,0.4,0.4,-2.7,22.6,26.3,Buy,6,-2.7,-2,-5,-4,4.9,18.6,4.9,18.6,-1.3,-0.4,-21.6,835.0,6,812.8,IT - Services,Small Cap,20,2026-09-21,835.0
BHEL,Sate,Sate,0.4,0.4,-4.3,7.4,7.4,Buy,30,-4.3,-2,-7,-1,-1.0,5.8,-1.0,5.8,-4.7,-6.0,-6.6,432.0,5,413.35,Power - Equipment,Mid Cap,40,2026-08-18,432.0
BOSCHLTD,Sate,Sate,2.1,2.0,8.6,8.6,8.6,Buy,35,1.4,-2,-13,-1,0.2,7.6,0.2,7.6,-6.4,-6.2,-8.6,42090.0,4,45700.0,Auto - Replacement,Large Cap,2,2026-08-11,45075.0
CGPOWER,Sate,Sate,0.5,0.4,-6.1,12.5,12.5,Buy,14,-6.1,-2,-12,-3,-3.0,8.8,-3.0,8.8,-6.7,-5.6,-10.6,914.0,5,858.05,Power - Equipment,Large Cap,20,2026-09-09,914.0
DYNAMATECH,Sate,Sate,0.9,0.9,4.5,3.2,3.2,Buy,0,-2.6,-1,-1,0,6.7,20.3,6.7,12.1,-1.5,-0.7,9.2,12504.0,4,13065.0,Defense - Misc,Small Cap,3,2026-09-29,13418.0
EXIDEIND,Sate,TFReport,0.7,0.6,-10.8,18.0,34.4,Buy,7,-6.7,-8,-7,-1,-10.0,3.0,-10.0,3.0,-6.3,-16.9,-9.5,456.31,4,407.0,Batteries,Small Cap,65,2026-09-18,436.0
FINCABLES,Sate,Sate,0.9,0.8,9.0,4.2,15.6,Buy,1,-2.1,-1,-2,0,7.1,29.6,7.1,17.1,-2.4,-1.7,15.1,1317.31,4,1435.5,Power - Wiring,Small Cap,26,2026-09-28,1467.0
GESHIP,Sate,Sate,0.2,0.2,4.3,14.5,14.5,Buy,6,4.3,0,0,-4,7.7,10.8,3.9,10.8,0.7,2.7,-3.3,1475.0,5,1537.8,Transport - Shipping,Small Cap,6,2026-09-21,1475.0
GLENMARK,Sate,Sate,0.3,0.3,-0.7,3.8,3.8,Buy,23,-0.7,-4,-13,-1,3.8,6.6,3.8,6.6,-1.2,-3.6,-1.6,2458.0,3,2441.5,Healthcare - Pharma,Mid Cap,5,2026-08-27,2458.0
GRAPHITE,Sate,Sate,0.4,0.3,8.2,8.3,28.9,Buy,15,8.2,-1,-13,3,2.3,20.2,2.3,11.4,-4.4,-4.0,10.1,741.0,3,801.55,Metals - Casting/Forging,Small Cap,20,2026-09-08,741.0
HFCL,Sate,Sate,0.9,0.7,-8.2,15.8,15.8,Buy,23,-11.4,-4,-13,-1,-0.9,8.6,-0.9,8.6,-14.1,-14.9,-13.2,235.47,5,216.21,Telecom,Small Cap,150,2026-08-27,244.0
HSCL,Sate,TFReport,0.5,0.4,-6.8,18.5,18.5,Buy,6,-3.0,-9,-2,-2,-11.0,8.8,-11.0,8.8,-1.8,-15.8,-11.1,716.67,4,667.6,Chemicals - Specialty,Small Cap,30,2026-09-21,688.0
INNOVACAP,Sate,Sate,0.8,0.7,10.1,6.1,6.1,Buy,6,4.0,-1,-3,0,6.3,30.4,6.3,17.6,-2.0,-0.8,17.9,1154.92,5,1271.2,Healthcare - Pharma,Small Cap,26,2026-09-21,1222.0
KABRAEXTRU,Sate,Sate,0.4,0.5,23.3,6.6,6.6,Buy,15,23.3,-1,-1,0,18.2,109.1,18.2,48.8,-4.6,-2.0,38.2,673.0,5,829.8,Electronic - Equipment,Small Cap,25,2026-09-08,673.0
KIRLOSBROS,Sate,TFReport,0.2,0.2,-4.7,11.9,31.1,Sell,1,3.8,-6,-13,-2,-2.6,14.3,-2.6,14.3,-0.1,-4.1,-10.7,1939.0,4,1848.3,Industrial - Pumps/Engines,Small Cap,4,2026-09-28,1781.0
KTKBANK,Sate,Sate,2.4,2.8,37.6,6.3,6.3,Sell,6,4.3,-4,-4,-1,1.2,11.7,1.2,11.7,-4.6,-4.7,-3.3,235.63,4,324.25,Financials - Private Bank,Small Cap,400,2026-09-21,311.0
LUMAXTECH,Sate,Sate,0.5,0.4,-3.9,8.1,8.1,Buy,7,-3.9,-1,-4,-1,0.6,18.7,0.6,18.7,-4.3,-4.5,-3.2,2093.0,6,2011.7,Auto - Replacement,Small Cap,10,2026-09-18,2093.0
MARKSANS,Sate,TFReport,1.0,0.9,11.0,2.3,4.4,Buy,1,-0.4,5,-4,0,4.4,26.1,2.9,14.0,0.0,1.6,6.6,308.88,5,342.75,Healthcare - Pharma,Small Cap,125,2026-09-28,344.0
MCX,Sate,TFReport,0.6,0.5,-3.4,7.2,7.2,Buy,14,-3.7,-5,-2,-1,2.4,11.0,2.4,11.0,-5.1,-3.0,-4.9,3346.86,5,3232.0,IT - Product/Platform,Small Cap,7,2026-09-09,3355.0
MINDACORP,Sate,TFReport,0.6,0.5,-2.9,12.5,12.5,Sell,16,-3.5,-5,-13,-1,-5.9,2.9,-5.9,2.9,-4.5,-8.3,-5.6,692.76,5,672.75,Auto - OEM Suppliers,Small Cap,35,2026-09-07,697.0
MOTHERSON,Sate,Sate,0.4,0.3,5.3,8.5,8.5,Buy,49,7.7,-7,-2,-1,-1.7,4.4,-1.7,4.4,-3.2,-6.7,-7.1,150.6,4,158.56,Auto - Replacement,Large Cap,100,2026-07-22,147.2
MSTCLTD,Sate,Sate,0.3,0.2,-5.3,11.4,38.8,Buy,16,-5.3,-2,-13,-1,1.0,10.7,1.0,10.7,-8.8,-3.9,-5.1,753.0,6,713.05,IT - Product/Platform,Small Cap,15,2026-09-07,753.0
NEOGEN,Sate,Sate,0.5,0.4,3.9,2.6,2.6,Buy,13,3.9,-1,-6,0,6.0,18.9,6.0,11.4,-0.6,-2.6,10.6,2344.0,5,2435.3,Chemicals - Specialty,Small Cap,8,2026-09-10,2344.0
NILKAMAL,Sate,TFReport,0.7,0.7,9.4,11.7,40.3,Buy,35,1.7,-3,-13,-1,-5.3,14.5,-5.3,14.5,-9.2,-10.5,-5.3,1736.0,2,1898.9,Consumption - Misc,Small Cap,16,2026-08-11,1868.0
NRBBEARING,Sate,Sate,1.4,1.5,18.6,3.4,3.4,Buy,7,10.2,0,-1,0,5.7,27.7,2.9,16.7,0.3,1.2,14.2,456.08,4,541.05,Industrial - Bearings,Small Cap,125,2026-09-18,491.0
PARAGMILK,Sate,Sate,0.5,0.4,-3.1,28.8,28.8,Buy,7,-3.1,-2,-4,0,4.8,16.9,1.3,8.8,-3.3,-0.2,5.6,277.0,1,268.55,Consumption - Dairy,Small Cap,75,2026-09-18,277.0
PPLPHARMA,Sate,Sate,1.2,1.1,2.9,9.9,32.1,Buy,15,-6.7,-5,-13,-1,0.2,9.9,0.2,9.9,-7.0,-4.4,-2.5,203.19,4,209.07,Healthcare - Pharma,Small Cap,240,2026-09-08,224.0
RADICO,Sate,Sate,0.6,0.6,6.6,8.1,8.1,Sell,12,-0.4,-6,-4,-1,-1.6,13.2,-1.6,13.2,-3.8,-6.3,-2.7,4092.33,7,4364.0,Beverages - Alcohol,Mid Cap,6,2026-09-11,4380.0
SHILPAMED,Sate,TFReport,2.2,3.0,58.6,1.8,1.8,Buy,6,1.2,0,-6,0,7.2,58.5,4.5,27.6,0.8,3.4,11.2,665.52,2,1055.75,Healthcare - Pharma,Small Cap,132,2026-09-21,1043.0
SHYAMMETL,Sate,Sate,0.8,0.7,-2.0,6.4,6.4,Buy,1,-5.7,-1,-6,-1,0.3,7.0,0.3,7.0,-3.2,-3.3,-1.8,1095.67,7,1074.0,Metals - Iron & Steel,Small Cap,30,2026-09-28,1139.0
SMSPHARMA,Sate,Sate,0.8,0.7,11.8,3.0,3.0,Buy,6,5.1,1,-4,1,7.9,32.4,7.9,18.3,-1.1,0.3,15.8,428.86,5,479.4,Healthcare - Pharma,Small Cap,70,2026-09-21,456.0
SONACOMS,Sate,Sate,0.5,0.4,0.8,3.4,3.4,Buy,7,0.8,-1,-4,0,2.3,13.1,2.3,6.8,-1.0,-1.1,0.3,809.0,2,815.65,Auto - OEM Suppliers,Small Cap,25,2026-09-18,809.0
STLTECH,Sate,Sate,1.2,1.1,12.2,5.0,5.0,Buy,14,0.3,-3,-11,0,26.4,47.1,26.4,25.2,-0.8,-3.4,19.0,772.5,3,866.6,Telecom,Small Cap,60,2026-09-09,864.0
SUDARSCHEM,Sate,Sate,0.8,0.8,6.7,12.0,25.3,Buy,26,1.4,-1,-5,-1,1.6,15.3,1.6,15.3,-5.5,-5.2,-5.5,1122.33,5,1197.3,Chemicals - Dyes,Small Cap,30,2026-08-23,1181.0
SUNFLAG,Sate,Sate,0.5,0.5,6.5,1.0,1.0,Buy,0,6.5,0,0,3,28.3,42.9,15.7,24.4,7.4,13.1,24.2,436.0,5,464.3,Metals - Iron & Steel,Small Cap,50,2026-09-29,436.0
SUPRIYA,Sate,Sate,0.5,0.4,0.6,5.6,9.2,Buy,1,0.6,-1,-4,-2,7.8,34.2,3.6,11.5,0.0,-0.0,-3.9,979.0,5,985.05,Healthcare - Pharma,Small Cap,20,2026-09-28,979.0
TATVA,Sate,Sate,0.4,0.4,3.1,3.9,39.3,Buy,7,3.1,-8,-1,-1,5.2,33.9,5.2,11.3,0.6,-1.1,-1.1,1752.0,0,1806.4,Chemicals - Specialty,Small Cap,10,2026-09-18,1752.0
TEGA,Sate,Sate,0.4,0.4,6.1,5.3,11.5,Buy,6,6.1,-1,-5,3,9.2,34.3,9.2,18.9,-2.3,-1.5,16.7,1943.0,7,2060.6,Engineering,Small Cap,8,2026-09-21,1943.0
TIIL,Sate,Sate,0.6,0.4,-6.8,17.9,25.6,Buy,7,-6.8,-5,-10,-1,-2.2,5.8,-2.2,5.8,-8.5,-13.6,-10.8,3141.0,6,2926.4,Metals - Casting/Forging,Small Cap,7,2026-09-18,3141.0
TIMEX,Sate,Sate,1.5,1.9,41.6,,2.5,Buy,23,15.7,-1,-1,0,12.1,32.4,12.1,18.0,0.8,-0.4,7.3,514.88,0,729.1,,,120,2026-08-27,630.0
UNIMECH,Sate,Sate,0.6,0.6,4.7,10.3,10.3,Buy,5,-3.6,0,-4,0,8.3,33.2,8.3,16.6,-4.8,0.6,12.4,1599.88,3,1675.0,Defense - Misc,Small Cap,16,2026-09-22,1738.0
VIJAYA,Sate,Sate,0.5,0.4,-4.8,7.4,7.4,Buy,7,-4.8,-2,-3,-1,-1.4,7.8,-1.4,7.8,-5.3,-5.4,-2.9,1550.0,7,1475.0,Healthcare - Diagnostics,Small Cap,12,2026-09-18,1550.0
VOLTAMP,Sate,Sate,0.6,0.5,-5.0,17.4,28.2,Buy,23,-6.6,-3,-13,-4,-0.4,3.6,-0.4,3.6,-5.3,-7.6,-10.7,11186.5,7,10624.0,Power - Equipment,Small Cap,2,2026-08-27,11375.0
VSSL,Sate,Sate,1.0,0.9,6.3,5.2,5.2,Buy,6,-2.0,-1,-1,0,2.5,31.1,2.5,17.1,-1.7,-1.4,14.0,381.76,6,405.85,Metals - Iron & Steel,Small Cap,105,2026-09-21,414.0
WABAG,Sate,Sate,0.4,0.4,-2.4,9.7,9.7,Buy,14,-2.4,-2,-10,-3,4.2,7.8,4.2,7.8,-6.5,-8.3,-0.3,2146.0,4,2093.8,Infra - Construction,Small Cap,8,2026-09-09,2146.0
WELSPUNLIV,Sate,Sate,0.4,0.4,5.7,3.3,3.3,Buy,16,5.7,0,-4,0,5.8,36.7,2.8,19.4,-0.7,0.2,14.8,213.0,4,225.21,Textile - Misc,Small Cap,80,2026-09-07,213.0
WOCKPHARMA,Sate,Sate,0.6,0.6,5.2,7.0,9.4,Buy,6,0.5,-1,-4,3,2.3,19.7,2.3,11.1,-4.6,-3.2,8.0,2085.42,4,2194.2,Healthcare - Pharma,Small Cap,12,2026-09-21,2184.0
ZYDUSLIFE,Sate,Sate,0.5,0.5,3.0,2.6,9.3,Buy,6,3.0,-1,-1,0,3.7,10.5,1.4,5.1,-1.1,-0.3,3.4,1166.0,5,1200.5,Healthcare - Pharma,Mid Cap,18,2026-09-21,1166.0
AARTIIND,Core,Core,0.5,0.4,-10.2,14.8,59.8,Buy,30,-10.2,-4,-12,-1,-9.1,-0.2,-9.1,-0.2,-6.4,-13.1,-10.4,523.0,5,469.9,Chemicals - Specialty,Small Cap,40,2026-08-18,523.0
ABBOTINDIA,Core,Core,0.7,0.6,-2.4,11.0,26.3,Buy,46,-2.4,-9,6,-1,-1.2,5.7,-1.2,2.8,0.5,-2.8,-2.4,27950.0,7,27270.0,Healthcare - Pharma,Mid Cap,1,2026-07-27,27950.0
ACUTAAS,Core,Core,3.9,5.2,53.8,11.7,11.7,Buy,6,-4.8,-1,-11,-2,3.6,27.9,3.6,27.9,-4.2,-8.7,-6.8,2148.6,7,3304.1,Healthcare - Pharma,Small Cap,72,2026-09-21,3470.0
APARINDS,Core,Core,2.5,3.1,42.1,7.6,7.6,Buy,6,-5.9,-2,-6,0,1.2,16.7,1.2,16.7,-5.6,-5.6,0.6,12532.81,5,17803.0,Power - Equipment,Mid Cap,8,2026-09-21,18914.0
APLAPOLLO,Core,Core,0.5,0.5,13.7,4.9,4.9,Buy,38,11.5,-2,-7,-1,3.4,12.8,3.4,6.1,-1.0,-3.6,-1.6,1924.5,7,2188.6,Metals - Pipe & Tube,Mid Cap,10,2026-08-06,1962.0
BALAMINES,Core,Core,1.4,1.2,-4.6,18.5,59.0,Buy,17,-15.2,-3,-13,-1,-2.0,3.3,-2.0,3.3,-15.0,-16.8,-7.8,2245.28,3,2142.1,Chemicals - Specialty,Small Cap,25,2026-09-04,2525.0
CAPLIPOINT,Core,Core,0.4,0.4,-2.6,8.2,8.2,Buy,18,-2.6,-1,-3,1,2.0,12.0,2.0,6.9,-3.7,-3.2,3.5,2816.0,5,2744.0,Healthcare - Pharma,Small Cap,6,2026-09-03,2816.0
CARYSIL,Core,Core,0.6,0.5,-14.3,17.5,17.5,Sell,5,-2.0,-7,-12,-2,-9.8,14.6,-9.8,14.6,-10.9,-11.6,-12.3,1232.4,5,1056.5,Consumption - Appliances,Small Cap,20,2026-09-22,1078.0
CRAFTSMAN,Core,Core,2.5,2.5,15.3,12.5,12.5,Buy,13,-11.4,-2,-12,-1,-3.8,6.2,-3.8,6.2,-10.4,-10.7,-6.2,9114.45,7,10505.0,Auto - OEM Suppliers,Small Cap,11,2026-09-10,11859.0
CUB,Core,Core,0.8,0.7,-8.0,13.6,13.6,Buy,17,-10.8,-4,-6,-1,-3.9,2.0,-3.9,2.0,-8.8,-8.9,-6.2,233.69,4,214.91,Financials - Private Bank,Small Cap,140,2026-09-04,241.0
DATAPATTNS,Core,Core,1.6,1.6,11.8,15.6,15.6,Buy,26,-14.0,-5,-13,-1,-7.3,-0.1,-7.3,-0.1,-14.1,-12.7,-6.6,3776.38,8,4221.6,Defense - Technology,Small Cap,17,2026-08-23,4907.0
DEEPAKNTR,Core,Core,0.4,0.3,-13.6,19.4,51.8,Buy,34,-13.6,-7,-13,-4,-9.7,-0.3,-9.7,-0.3,-7.2,-15.1,-12.6,1769.0,5,1529.0,Chemicals - Specialty,Mid Cap,8,2026-08-12,1769.0
ELGIEQUIP,Core,Core,0.4,0.3,-1.8,9.0,25.5,Buy,50,-1.8,-3,-13,-1,-3.1,1.7,-3.1,1.7,-7.2,-7.9,-5.2,606.0,5,594.85,Industrial - Pumps/Engines,Small Cap,25,2026-07-21,606.0
FCL,Core,Core,0.7,0.8,33.0,7.1,7.1,Buy,34,31.3,-1,-1,0,4.3,42.1,4.3,21.2,-2.3,-4.2,14.1,43.56,6,57.94,Chemicals - Specialty,Small Cap,600,2026-08-12,44.12
FEDERALBNK,Core,Core,1.3,1.1,-0.3,13.9,13.9,Buy,52,-8.0,-6,-12,-1,-8.1,-1.1,-8.1,-1.1,-7.2,-11.3,-10.9,321.19,5,320.2,Financials - Private Bank,Mid Cap,160,2026-07-17,348.0
GVT&D,Core,Core,0.4,0.4,-4.3,20.9,26.9,Buy,19,-4.3,-3,-13,-4,-3.8,-3.7,-3.8,-3.7,-12.6,-9.2,-19.8,4318.0,5,4130.3,Power - Equipment,Mid Cap,4,2026-09-02,4318.0
HAL,Core,Core,0.6,0.5,-9.9,11.7,19.8,Buy,15,-9.9,-6,-13,-1,-5.4,3.5,-5.4,3.5,-9.6,-9.9,-5.3,5051.0,8,4549.3,Defense - Misc,Large Cap,5,2026-09-08,5051.0
JASH,Core,Core,0.9,0.9,11.8,0.8,14.4,Buy,6,3.0,0,0,2,11.4,31.8,11.4,17.6,1.3,0.8,8.8,535.21,6,598.4,Engineering,Small Cap,70,2026-09-21,581.0
KOVAI,Core,Core,1.1,0.9,-2.1,,6.7,Buy,13,-5.3,-1,-11,-1,-0.4,3.0,-0.4,3.0,-3.9,-4.0,-1.0,6141.86,3,6013.5,Healthcare - Hospitals,Small Cap,7,2026-09-10,6350.0
KRISHANA,Core,Core,1.3,1.5,32.1,10.3,10.3,Buy,5,-0.4,-5,-4,-1,-0.5,28.2,-0.5,28.2,-2.4,-7.9,-3.1,140.22,8,185.19,Agrichem - Fertilizers,Small Cap,370,2026-09-22,186.0
LALPATHLAB,Core,Core,1.1,1.1,14.0,4.3,8.1,Buy,44,5.1,-1,-2,0,2.2,8.6,1.0,4.3,-0.3,-0.1,0.8,1711.02,4,1950.4,Healthcare - Diagnostics,Small Cap,25,2026-07-29,1855.1
LAURUSLABS,Core,Core,2.3,2.8,42.6,3.7,3.7,Buy,6,-0.6,-1,-4,0,3.5,18.3,0.2,9.7,-2.5,-1.4,3.3,1388.0,5,1979.0,Healthcare - Pharma,Mid Cap,66,2026-09-21,1990.0
MANORAMA,Core,Core,1.3,1.1,0.6,13.3,13.3,Buy,13,-10.6,-3,-13,-1,-1.0,11.6,-1.0,11.6,-11.5,-9.3,-1.4,1851.82,8,1863.5,Agri - Misc,Small Cap,28,2026-09-10,2085.0
MARICO,Core,Core,0.5,0.4,-5.0,11.5,11.5,Buy,5,-5.0,-9,-4,-2,-6.9,-2.4,-6.9,-2.4,-5.3,-9.6,-9.6,829.0,7,787.15,Agri - Edible Oil,Mid Cap,25,2026-09-22,829.0
METROPOLIS,Core,Core,0.6,0.5,-1.5,7.7,37.2,Buy,48,-1.5,-1,-12,-1,-1.7,0.8,-1.7,0.8,-6.2,-6.7,-3.9,571.0,2,562.3,Healthcare - Diagnostics,Small Cap,40,2026-07-23,571.0
MON100,Core,Core,2.4,2.7,30.4,9.9,9.9,Buy,14,-8.7,-1,-13,-3,-1.6,12.6,-1.6,12.6,-7.6,-5.6,-6.5,245.08,7,319.64,Index,ETF,386,2026-09-09,350.0
NAVINFLUOR,Core,Core,3.3,3.8,29.3,8.0,8.0,Buy,23,-3.8,-1,-13,-1,-1.9,6.0,-1.9,6.0,-6.3,-4.1,-5.1,6367.07,5,8234.5,Chemicals - Bulk,Small Cap,21,2026-08-27,8560.0
NEULANDLAB,Core,Core,1.8,1.9,15.8,11.8,11.8,Buy,44,8.6,-3,-13,-1,-0.5,9.4,-0.5,9.4,-9.5,-9.2,-7.1,18460.0,6,21375.0,Healthcare - Pharma,Small Cap,4,2026-07-29,19682.0
NGLFINE,Core,Core,0.5,0.4,-15.1,20.3,20.3,Sell,31,-0.1,-6,-2,-1,-12.2,7.2,-12.2,7.2,-1.9,-17.7,-13.0,3383.5,4,2870.9,Healthcare - Pharma,Small Cap,6,2026-08-17,2875.0
NH,Core,Core,0.4,0.3,-6.3,14.5,24.5,Buy,23,-6.3,-9,-7,-2,-8.9,-4.3,-8.9,-4.3,-6.3,-11.8,-11.8,1910.0,5,1789.9,Healthcare - Hospitals,Mid Cap,8,2026-08-27,1910.0
PERSISTENT,Core,Core,0.3,0.2,-8.3,21.8,24.0,Buy,43,-8.3,-5,-10,-1,-6.5,6.4,-6.5,6.4,-7.6,-12.1,-7.7,5630.0,5,5162.0,IT - Software/Consulting,Mid Cap,2,2026-07-30,5630.0
PHARMABEES,Core,Core,1.7,1.7,14.2,2.8,2.8,Buy,65,6.9,-4,-3,-1,1.2,5.8,0.8,2.4,-1.3,-1.9,0.7,24.33,5,27.79,,,2850,2026-06-30,26.0
POLYCAB,Core,Core,1.1,0.9,-6.4,19.0,20.0,Sell,51,-9.5,-6,-4,-2,-10.2,-1.4,-10.2,-1.4,-3.6,-12.4,-18.8,8658.2,9,8102.5,Power - Wiring,Large Cap,5,2026-07-19,8952.0
PRICOLLTD,Core,Core,0.5,0.4,-1.8,8.9,8.9,Buy,12,-1.8,-5,-4,-1,3.0,8.4,3.0,8.4,-2.9,-6.5,-6.7,763.0,6,749.35,Auto - OEM Suppliers,Small Cap,25,2026-09-11,763.0
PRIVISCL,Core,Core,2.7,2.8,16.2,4.7,4.7,Buy,0,0.4,-8,-1,-2,1.0,6.3,1.0,6.3,-0.1,-2.0,-2.5,3103.69,4,3605.5,Chemicals - Specialty,Small Cap,35,2026-09-29,3591.0
RPGLIFE,Core,Core,0.8,0.8,13.6,1.2,1.2,Buy,1,8.2,0,0,0,9.1,21.1,9.1,14.2,2.7,1.3,11.1,2720.0,6,3089.2,Healthcare - Pharma,Small Cap,12,2026-09-28,2856.0
SAREGAMA,Core,Core,0.4,0.4,-2.4,14.1,28.4,Buy,5,-1.5,-6,-4,-1,-0.1,6.6,-0.1,6.6,-2.7,-6.4,-5.6,505.71,3,493.45,Media - Entertaintment,Small Cap,35,2026-09-22,501.0
SBCL,Core,Core,1.2,1.4,39.3,8.6,8.6,Buy,14,-1.1,-1,-2,0,3.6,36.5,3.6,16.6,-3.7,-3.7,3.9,797.72,7,1111.3,Electronic - Equipment,Small Cap,58,2026-09-09,1124.0
SIEMENS,Core,Core,1.6,1.5,7.2,10.6,22.3,Buy,39,-8.0,-5,-10,-1,-6.2,2.7,-6.2,2.7,-6.1,-9.3,-7.9,3460.78,6,3710.0,Power - Equipment,Large Cap,18,2026-08-05,4032.0
SIRCA,Core,Core,0.6,0.4,-10.3,24.3,24.3,Buy,36,-10.3,-5,-13,-1,-5.6,-1.2,-5.6,-1.2,-6.3,-9.8,-10.1,455.0,7,408.05,Consumption - Paints,Small Cap,50,2026-08-10,455.0
SOLARINDS,Core,Core,3.0,2.8,9.6,17.8,17.8,Buy,15,-16.5,-2,-13,-1,-8.2,1.5,-8.2,1.5,-16.9,-16.4,-7.3,17022.43,6,18650.0,Defense - Misc,Large Cap,7,2026-09-08,22325.0
SYRMA,Core,Core,1.7,2.0,32.8,6.2,6.2,Buy,7,4.7,-1,-4,2,8.2,25.3,8.2,15.3,-3.1,-2.3,17.5,1274.13,6,1692.6,Electronic - Equipment,Small Cap,54,2026-09-18,1616.0
TDPOWERSYS,Core,Core,2.1,2.8,53.8,4.9,4.9,Buy,1,0.0,-2,-10,-1,6.8,24.4,6.8,24.4,-0.4,-4.5,0.0,505.33,6,777.35,Power - Equipment,Small Cap,163,2026-09-28,777.0
TIPSMUSIC,Core,Core,0.7,0.6,-2.3,12.7,31.9,Buy,5,-2.4,-9,-4,-1,-1.4,5.8,-1.4,5.8,-3.3,-8.2,-3.1,662.5,5,647.2,Media - Entertaintment,Small Cap,40,2026-09-22,663.0
TORNTPHARM,Core,Core,2.5,2.6,17.4,6.8,6.8,Sell,26,12.5,-8,-12,-1,-0.1,5.2,-0.1,5.2,-1.4,-6.8,-6.8,4167.27,8,4894.0,Healthcare - Pharma,Large Cap,24,2026-08-23,4350.0
UNOMINDA,Core,Core,1.2,1.0,-5.4,15.9,15.9,Buy,19,-10.4,-7,-7,-1,-6.3,3.5,-6.3,3.5,-6.8,-10.0,-8.9,1228.63,5,1162.0,Auto - OEM Suppliers,Mid Cap,38,2026-09-02,1297.0
USHAMART,Core,Core,0.5,0.4,-6.2,8.1,8.1,Buy,5,-6.2,-1,-5,-4,0.3,7.5,0.3,0.8,-6.7,-3.8,-1.4,532.0,8,498.9,Power - Wiring,Small Cap,40,2026-09-22,532.0
