Sector,Count,W_RSI,WD_RSI,M_RSI,MD_RSI
2/3 Wheelers,1,,,,
Abrasives & Bearings,1,,,,
Agri - Animal Feed,4,,,,
Agri - Edible Oil,10,59,-3,57,-2
Agri - Misc,11,64,-2,69,-2
Agri - Rice,3,63,-3,55,-4
Agri - Seeds,3,,,,
Agri - Sugar,23,,,,
Agri - Tea/Coffee,12,,,,
Agrichem - Fertilizers,21,75,-1,80,-4
Agrichem - Protection,21,,,,
Aluminium Copper & Zinc Products,1,,,,
Asset Management Company,2,,,,
Auto - 2W,5,,,,
Auto - CV,5,81,-2,62,3
Auto - Misc,9,,,,
Auto - OEM Suppliers,49,60,-1,65,-4
Auto - PV/Trucks,7,,,,
Auto - Replacement,20,68,-1,68,-3
Auto - Tyres,7,,,,
Auto Components & Equipments,3,,,,
Batteries,4,54,-1,55,-4
Beverages - Alcohol,12,77,-1,76,3
Breweries & Distilleries,1,,,,
Cables - Electricals,2,,,,
Cement & Cement Products,1,,,,
Chemicals - Bulk,25,66,-3,75,-3
Chemicals - Dyes,11,68,0,59,-2
Chemicals - Misc,9,,,,
Chemicals - Petro,9,,,,
Chemicals - Specialty,47,62,-1,59,1
Civil Construction,4,,,,
Coal,1,,,,
Commercial Services & Supplies,1,,,,
Compressors- Pumps & Diesel Engines,1,,,,
Computers - Software & Consulting,1,,,,
Consumption - Appliances,19,50,-2,57,-4
Consumption - Dairy,7,71,-4,54,1
Consumption - Electronics,9,,,,
Consumption - FMCG,15,,,,
Consumption - Footwear,8,,,,
Consumption - Jewelry,22,,,,
Consumption - Luggage,2,,,,
Consumption - Misc,29,75,1,61,-3
Consumption - Paints,7,47,-1,46,-5
Consumption - Personal,10,,,,
Consumption - Retail,13,,,,
Defense - Misc,17,70,-3,63,1
Defense - Ship Building,4,,,,
Defense - Technology,6,54,-1,66,-1
Diversified Commercial Services,2,,,,
Diversified Metals,1,,,,
E-Learning,2,,,,
E-Retail/ E-Commerce,1,,,,
Electronic - Equipment,20,76,-3,80,3
Engineering,74,72,-2,61,11
Financial Technology (Fintech),1,,,,
Financials - AMC,6,,,,
Financials - Broking,17,,,,
Financials - Housing,16,,,,
Financials - Life,7,,,,
Financials - MFI,5,,,,
Financials - Misc,53,74,0,77,-4
Financials - NBFC,41,,,,
Financials - Non-Life,4,,,,
Financials - PSU Bank,12,,,,
Financials - Private Bank,29,52,-2,66,-5
Financials - Ratings,3,,,,
Furniture- Home Furnishing,1,,,,
Gems Jewellery And Watches,2,,,,
Gems- Jewellery And Watches,1,,,,
Granites & Marbles,1,,,,
Healthcare - Biotech,5,,,,
Healthcare - Diagnostics,6,65,-2,67,-1
Healthcare - Equipments,4,,,,
Healthcare - Hospitals,19,75,-1,59,1
Healthcare - Pharma,105,66,-1,68,2
Healthcare Service Provider,1,,,,
Heavy Electrical Equipment,3,,,,
Hospital,1,,,,
Hotels & Resorts,2,,,,
Household Appliances,1,,,,
Houseware,1,,,,
Housing Finance Company,1,,,,
Human Resources,9,,,,
IT - Education,6,,,,
IT - Equipments,13,,,,
IT - Product/Platform,45,70,-2,68,-2
IT - Services,32,54,-2,62,1
IT - Software,1,,,,
IT - Software/Consulting,59,64,-1,53,-3
IT Enabled Services,3,,,,
Index,5,64,0,71,-2
Industrial - Bearings,6,77,-2,69,4
Industrial - Consumables,16,,,,
Industrial - Pumps/Engines,13,52,-2,53,-4
Industrial Gases,1,,,,
Industrial Products,1,,,,
Infra - Cement,32,,,,
Infra - Ceramics,8,,,,
Infra - Construction,61,59,-1,68,1
Infra - Granites/Marbles,4,,,,
Infra - Home Furnish,7,,,,
Infra - Laminates,9,,,,
Infra - Plastic Pipes,8,,,,
Internet & Catalogue Retail,1,,,,
Iron & Steel Products,1,,,,
Leather Products,5,,,,
Leisure - Hotels,23,,,,
Leisure - Misc,9,,,,
Leisure - Restaurants,8,,,,
Life Insurance,1,,,,
Media - Entertainment,4,,,,
Media - Entertaintment,2,60,-1,56,1
Media - Films,7,,,,
Media - Misc,3,,,,
Media - Publishing,10,,,,
Media - TV Broadcast,9,,,,
Medical Equipment & Supplies,1,,,,
Metals - Aluminium,4,,,,
Metals - Casting/Forging,19,64,-3,59,-1
Metals - Copper,4,,,,
Metals - Iron & Steel,43,81,-1,69,2
Metals - Misc,22,,,,
Metals - Pipe & Tube,14,51,-1,62,-1
Non Banking Financial Company (NBFC),6,,,,
Oil Storage & Transportation,1,,,,
Oil and Gas,12,,,,
Other Agricultural Products,1,,,,
Other Electrical Equipment,5,,,,
Other Financial Services,1,,,,
Other Food Products,1,,,,
Other Telecom Services,1,,,,
Others,45,,,,
Packaging,30,,,,
Paper,21,,,,
Petro - Lubricants,7,,,,
Petro - Refineries,6,,,,
Pharmaceuticals,2,,,,
Power - Equipment,27,56,-3,62,-5
Power - Green,17,,,,
Power - Misc,20,,,,
Power - Wiring,19,55,-2,55,0
Railways,12,,,,
Real Estate,48,,,,
Residential Commercial Projects,1,,,,
Residential- Commercial Projects,2,,,,
Restaurants,1,,,,
Rubber,1,,,,
Shipping,1,,,,
Software Products,1,,,,
Speciality Retail,2,,,,
Stockbroking & Allied,2,,,,
Tech - BPO,9,,,,
Telecom,15,64,-3,75,-5
Telecom - Infrastructure,1,,,,
Textile - Apparels,21,,,,
Textile - Innerwear,6,,,,
Textile - Misc,21,84,-2,73,3
Textile - Spinning/Yarn,34,,,,
Textiles - Polyester,5,,,,
Textiles - Processing,7,,,,
Transport - Logistics,33,,,,
Transport - Shipping,7,60,0,60,7
Utility - Gas,9,,,,
Utility - Misc,3,,,,
