Symbol,Folio,DD_52W,DD_ATH,W_BO,D_BO,M_BO,W_SL,M_SL,W_PSL,M_PSL,D_CHG,W_CHG,M_CHG,Trend,CurPrice,Sector,MarketCap,Notes
TVSMOTOR,TFCore,13.8,13.8,-9,-13,-1,-0.6,3.8,-0.6,3.8,-7.3,-12.9,-10.9,5,3866.8,Auto - 2W,Large Cap,
M&M,TFCore,27.2,27.2,-8,-12,-2,-13.5,-12.8,-13.5,-12.8,-8.9,-20.3,-19.3,6,2796.2,Auto - PV/Trucks,Large Cap,
CCL,TFCore,15.4,15.4,-9,-12,-4,-4.9,-6.7,-4.9,-6.7,-1.4,-11.2,-11.0,6,1051.5,Consumption - Misc,Small Cap,
HDFCAMC,TFCore,22.0,23.8,-9,-11,-3,-10.9,-10.3,-10.9,-10.3,-7.2,-14.3,-18.3,4,2262.5,Financials - AMC,Mid Cap,
LT,TFCore,16.6,16.6,-6,-11,-4,-7.9,-6.0,-7.9,-6.0,-5.1,-9.7,-11.5,6,3703.3,Infra - Construction,Large Cap,
CONTROLPR,TFCore,22.3,42.6,-1,-2,-3,2.1,1.5,2.1,1.5,-1.7,-1.1,-8.1,2,611.35,IT - Equipments,Small Cap,
KEI,TFCore,22.3,22.3,-7,-11,-2,-10.8,-7.6,-10.8,-7.6,-1.8,-19.6,-20.1,8,4585.0,Power - Wiring,Mid Cap,
POLYCAB,TFCore,17.5,18.5,-7,-11,-4,-8.5,0.4,-8.5,0.4,-1.8,-10.8,-17.1,9,8255.0,Power - Wiring,Large Cap,
PSPPROJECT,TFCore,32.6,34.6,-9,-11,-3,-19.6,-14.7,-19.6,-14.7,-10.5,-28.1,-29.6,3,747.45,Infra - Construction,Small Cap,
SIRCA,TFCore,25.3,25.3,-6,-10,-1,-6.8,-2.4,-6.8,-2.4,-2.8,-11.0,-7.7,7,402.7,Consumption - Paints,Small Cap,
BAJFINANCE,TFCore,18.4,18.4,-9,-11,-2,-9.2,-5.7,-9.2,-5.7,-7.3,-18.4,-18.4,6,960.0,Financials - NBFC,Large Cap,
EICHERMOT,TFCore,14.3,14.3,-8,-13,-1,-11.0,-4.3,-11.0,-4.3,-6.4,-12.6,-11.6,5,7050.0,Auto - 2W,Large Cap,
ICICIGI,TFCore,18.1,26.6,7,0,-3,10.6,8.3,7.1,8.3,5.1,1.4,-5.9,5,1690.2,Financials - Non-Life,Large Cap,
TATACONSUM,TFCore,25.5,25.5,-8,-12,-5,-11.4,-13.2,-11.4,-13.2,-5.1,-14.4,-19.0,6,955.0,Consumption - Misc,Large Cap,
SAFARI,TFCore,47.4,51.9,-9,-13,-4,-10.2,-15.4,-10.2,-15.4,-12.0,-15.4,-17.2,5,1319.6,Consumption - Luggage,Small Cap,
HBLENGINE,TFCore,35.9,35.9,-1,-8,-5,-4.2,-0.7,-4.2,-0.7,-10.4,-11.6,-12.6,5,719.05,Railways,Small Cap,
POWERINDIA,TFCore,20.8,21.1,-7,-13,-5,-4.5,18.3,-4.5,18.3,-4.9,-14.4,-20.4,9,30605.0,Power - Equipment,Mid Cap,
BAJAJ-AUTO,TFCore,21.6,23.5,-5,-13,-1,-16.4,-4.9,-16.4,-4.9,-14.8,-18.0,-19.7,6,9778.0,Auto - 2W,Large Cap,
SCHAEFFLER,TFCore,17.9,25.9,-3,-13,-5,-7.6,-9.9,-7.6,-9.9,-11.6,-13.0,-12.5,5,3667.6,Industrial - Bearings,Mid Cap,
KSB,TFCore,23.7,26.0,-9,-6,-5,-1.5,-8.2,-1.5,-8.2,-9.2,-10.3,-19.8,5,784.55,Industrial - Pumps/Engines,Small Cap,
CIPLA,TFCore,15.5,23.6,-9,-9,-2,-9.3,-2.3,-9.3,-2.3,-7.3,-11.8,-11.8,5,1301.0,Healthcare - Pharma,Large Cap,
BRITANNIA,TFCore,23.1,25.4,-8,-12,-5,-11.4,-7.8,-11.4,-7.8,-3.7,-13.2,-15.8,6,4825.0,Consumption - FMCG,Large Cap,
GILLETTE,TFCore,21.7,38.3,-8,-1,-5,-6.9,-6.6,-6.9,-6.6,-1.8,-9.5,-11.6,2,7100.5,Consumption - Personal,Mid Cap,
AFFLE,TFCore,27.4,35.2,-6,-12,-2,-12.0,-4.9,-12.0,-4.9,-11.2,-18.0,-11.9,6,1417.5,IT - Product/Platform,Small Cap,
CHOLAFIN,TFCore,18.7,18.7,-8,-13,-2,-13.3,-8.6,-13.3,-8.6,-11.1,-16.2,-15.1,6,1587.6,Financials - MFI,Large Cap,
FIEMIND,TFCore,34.7,34.7,-8,-9,-2,-24.4,-18.7,-24.4,-18.7,-10.3,-32.5,-25.9,5,1747.7,Auto - OEM Suppliers,Small Cap,
NH,TFCore,17.9,27.5,-9,-11,-3,-7.1,-7.9,-7.1,-7.9,-10.0,-15.3,-15.3,5,1719.5,Healthcare - Hospitals,Mid Cap,
ICICIBANK,TFCore,8.4,9.7,-9,-2,-2,-4.5,-1.8,-4.5,-1.8,0.4,-6.0,-6.8,8,1355.0,Financials - Private Bank,Large Cap,
DIVISLAB,TFCore,4.1,4.1,-2,-11,-2,1.6,8.6,1.6,4.1,-2.8,-2.9,-1.3,7,9340.0,Healthcare - Pharma,Large Cap,
DIXON,TFCore,19.0,33.3,-6,-7,-2,-10.4,1.5,-10.4,1.5,-5.3,-14.8,-14.0,4,12774.0,Consumption - Electronics,Mid Cap,
DMART,TFCore,24.3,40.4,-8,-11,-5,-9.8,-16.2,-9.8,-16.2,-8.0,-13.4,-23.3,4,3516.8,Consumption - Retail,Large Cap,
HDFCBANK,TFCore,30.5,30.7,-9,-13,-3,-1.6,-10.8,-1.6,-10.8,-4.6,-6.1,-14.4,8,707.25,Financials - Private Bank,Large Cap,
HDFCLIFE,TFCore,29.4,32.2,5,-11,-5,2.4,-4.5,3.1,-4.5,-0.9,0.1,-7.2,4,556.65,Financials - Life,Large Cap,
UNOMINDA,TFCore,18.2,19.8,-8,-13,-1,-10.7,-1.4,-10.7,-1.4,-11.1,-14.2,-13.4,5,1108.0,Auto - OEM Suppliers,Mid Cap,
MRF,TFCore,23.6,25.4,-9,-13,-3,-7.8,-5.2,-7.8,-5.2,-2.5,-9.0,-11.0,5,122090.0,Auto - Tyres,Mid Cap,
NESCO,TFCore,24.6,36.6,-3,-13,-5,-1.4,-7.8,-1.4,-7.8,-5.6,-6.6,-15.8,5,1038.5,Real Estate,Small Cap,
BAJAJFINSV,TFCore,18.4,21.0,-9,-12,-2,-9.3,-6.7,-9.3,-6.7,-6.7,-15.4,-15.4,5,1734.7,Financials - Misc,Large Cap,
BLUESTARCO,TFCore,22.4,34.9,-9,-8,-5,4.7,-0.4,3.2,-0.4,-0.3,-6.5,-12.9,5,1574.0,Consumption - Appliances,Small Cap,
BIKAJI,TFCore,38.6,53.2,-9,-10,-5,-23.7,-25.4,-23.7,-25.4,-18.9,-26.4,-30.5,4,472.05,Consumption - Misc,Small Cap,
CARYSIL,TFCore,20.3,20.3,-8,-13,-4,-12.8,10.8,-12.8,10.8,-9.0,-14.5,-14.8,5,1021.3,Consumption - Appliances,Small Cap,
NEWGEN,TFCore,55.4,75.0,-6,-11,-2,-15.4,-10.8,-15.4,-10.8,-10.5,-20.8,-19.6,3,449.3,IT - Software/Consulting,Small Cap,
TRENT,TFCore,38.2,65.0,-9,2,-4,-0.9,7.3,-0.9,7.3,0.9,-3.8,-11.1,7,2918.2,Consumption - Retail,Large Cap,
POLYMED,TFCore,24.2,52.7,-7,-13,-2,-6.2,-2.0,-6.2,-2.0,-8.2,-11.3,-9.8,5,1587.1,Healthcare - Equipments,Small Cap,
POWERGRID,TFCore,23.3,32.0,-9,-10,-5,-6.2,-12.7,-6.2,-12.7,-7.3,-13.6,-21.7,5,249.15,Power - Misc,Large Cap,
TATAPOWER,TFCore,26.4,30.9,-7,-11,-5,-8.5,-12.4,-8.5,-12.4,-7.2,-10.4,-23.2,4,342.15,Power - Misc,Large Cap,
VBL,TFCore,19.0,35.3,-9,-1,-5,3.7,-2.1,2.6,-2.1,0.3,-4.3,-16.5,7,441.0,Consumption - Misc,Large Cap,
COLPAL,TFCore,21.0,53.3,-9,-13,-5,-1.0,-10.4,-1.0,-10.4,-3.9,-13.0,-13.9,5,1817.8,Consumption - Personal,Mid Cap,
FINEORG,TFCore,4.5,26.2,4,-1,3,5.7,20.2,3.5,5.6,-2.5,2.4,0.8,4,5410.5,Chemicals - Specialty,Small Cap,
SONATSOFTW,TFCore,40.3,72.5,-8,-12,-2,-20.4,-15.9,-20.4,-15.9,-15.7,-26.6,-26.2,5,239.15,IT - Software/Consulting,Small Cap,
SHANTIGEAR,TFCore,24.3,24.3,-3,-13,-1,-5.7,22.9,-5.7,22.9,-19.6,-21.3,-3.0,3,562.4,Auto - OEM Suppliers,Small Cap,
COFORGE,TFCore,7.6,7.6,-5,2,-1,0.1,24.8,0.1,24.8,1.1,-7.3,-5.9,6,1867.9,IT - Software/Consulting,Mid Cap,
AIAENG,TFCore,27.8,27.8,-8,-13,-4,-16.2,-6.1,-16.2,-6.1,-5.9,-22.1,-26.4,5,3737.7,Metals - Casting/Forging,Small Cap,
BECTORFOOD,TFCore,26.6,53.3,-7,-12,-1,-7.3,8.6,-7.3,8.6,-8.2,-19.4,-9.5,3,205.41,Consumption - FMCG,Small Cap,
SUNPHARMA,TFCore,14.0,14.0,-9,-12,-3,-8.6,-5.8,-8.6,-5.8,-5.3,-11.6,-11.6,4,1760.0,Healthcare - Pharma,Large Cap,
OFSS,TFCore,16.2,20.5,-5,-13,-2,-10.7,0.9,-10.7,0.9,-10.5,-13.8,-16.2,3,10510.0,IT - Product/Platform,Mid Cap,
ASIANPAINT,TFCore,21.7,34.8,-9,-12,-2,-13.2,-8.6,-13.2,-8.6,-5.0,-15.6,-15.6,5,2339.1,Consumption - Paints,Large Cap,
ASTEC,TFCore,22.6,68.1,-1,-12,-5,10.0,15.7,10.0,15.7,-4.9,-1.4,-5.4,3,729.3,Agrichem - Protection,Small Cap,
ASTRAL,TFCore,20.3,42.6,-8,-1,-5,-4.3,-0.6,-4.3,-0.6,-1.0,-9.4,-13.1,5,1409.8,Infra - Plastic Pipes,Mid Cap,
BALKRISIND,TFCore,27.6,40.4,-8,-13,-2,-8.0,-10.3,-8.0,-10.3,-10.0,-19.0,-18.9,5,2010.3,Auto - Tyres,Mid Cap,
ESABINDIA,TFCore,26.3,26.3,-6,-12,-5,-10.4,-2.9,-10.4,-2.9,-4.4,-14.4,-17.1,8,5394.5,Engineering,Small Cap,
GMMPFAUDLR,TFCore,15.2,43.5,-1,-12,-1,2.7,20.6,2.7,20.6,-12.7,-13.9,-11.4,3,1299.8,Engineering,Small Cap,
GUFICBIO,TFCore,13.1,19.4,-4,-11,-1,-2.8,4.3,-2.8,4.3,-8.0,-9.7,-5.9,4,406.3,Healthcare - Pharma,Small Cap,
HNDFDS,TFCore,15.5,23.5,-6,-13,-1,-5.0,1.0,-5.0,1.0,-7.9,-11.6,-14.7,4,573.0,Consumption - Misc,Small Cap,
IONEXCHANG,TFCore,19.6,49.1,-3,-13,-2,-4.1,-0.4,-4.1,-0.4,-10.7,-12.6,-7.1,4,390.75,Engineering,Small Cap,
KPITTECH,TFCore,62.7,75.2,-8,-12,-5,-20.7,-30.6,-20.7,-30.6,-12.2,-24.0,-37.9,5,479.0,IT - Services,Mid Cap,
LTM,TFCore,36.7,46.4,-7,-13,-1,-6.3,0.3,-6.3,0.3,-4.4,-13.7,-10.4,5,4070.0,IT - Software/Consulting,Large Cap,
MOLDTKPAC,TFCore,56.2,70.6,-6,-3,-4,-52.6,-44.5,-52.6,-44.5,-4.2,-55.5,-54.6,3,326.35,Packaging,Small Cap,
PAGEIND,TFCore,13.8,32.2,-9,-2,-3,1.2,2.9,1.2,2.9,-2.6,-9.0,-11.7,5,36875.0,Textile - Innerwear,Mid Cap,
PIIND,TFCore,44.7,55.9,-8,-12,-5,-21.6,-21.5,-21.6,-21.5,-11.7,-24.0,-30.9,6,2118.2,Agrichem - Protection,Mid Cap,
PIDILITIND,TFCore,13.2,13.2,-8,-13,-2,-8.3,-4.5,-8.3,-4.5,-6.5,-12.5,-12.2,8,1482.0,Chemicals - Specialty,Large Cap,
RAINBOW,TFCore,22.3,26.9,-9,-12,-2,-15.6,-10.9,-15.6,-10.9,-14.8,-19.7,-19.3,4,1250.2,Healthcare - Hospitals,Small Cap,
RAJRATAN,TFCore,20.1,68.0,-9,-11,-2,-11.0,-2.0,-11.0,-2.0,-5.1,-14.1,-9.8,3,450.8,Auto - OEM Suppliers,Small Cap,
RHIM,TFCore,26.1,58.7,-8,-6,-5,-5.4,-0.7,-5.4,-0.7,-5.4,-10.8,-9.2,5,369.1,Metals - Casting/Forging,Small Cap,
SAKSOFT,TFCore,37.8,56.9,-9,-11,-4,-13.9,-1.5,-13.9,-1.5,-5.3,-19.2,-32.9,4,138.79,IT - Software/Consulting,Small Cap,
SRF,TFCore,19.8,24.2,-9,-11,-3,1.0,-2.9,1.0,-2.9,-1.2,-6.5,-9.7,6,2519.5,Chemicals - Specialty,Mid Cap,
SUMICHEM,TFCore,27.1,37.2,-7,-11,-1,-21.4,-10.0,-21.4,-10.0,-9.7,-26.5,-19.7,4,417.3,Agrichem - Protection,Small Cap,
SUPREMEIND,TFCore,14.7,46.2,-6,-1,-5,-1.8,3.0,-1.8,3.0,-1.8,-5.1,-8.1,5,3474.8,Industrial - Consumables,Mid Cap,
TATAELXSI,TFCore,47.4,70.9,-8,-13,-5,-14.9,-20.7,-14.9,-20.7,-6.1,-17.8,-27.0,5,3130.0,IT - Services,Mid Cap,
TCIEXP,TFCore,33.9,81.9,-8,-6,-2,-11.5,-11.5,-11.5,-11.5,-11.9,-17.0,-14.9,5,466.15,Transport - Logistics,Small Cap,
TIMKEN,TFCore,21.5,38.5,-9,-11,-5,-6.4,-10.6,-6.4,-10.6,-9.5,-11.6,-18.4,5,2962.8,Industrial - Bearings,Small Cap,
TITAN,TFCore,15.0,15.0,-6,-11,-1,-11.6,-1.9,-11.6,-1.9,-10.2,-14.7,-13.6,8,4410.0,Consumption - Jewelry,Large Cap,
TIINDIA,TFCore,31.9,54.0,-7,-12,-5,-21.1,-22.5,-21.1,-22.5,-15.0,-23.3,-29.6,7,2213.0,Metals - Pipe & Tube,Mid Cap,
VGUARD,TFCore,24.3,50.1,-5,-12,-1,-12.4,-5.8,-12.4,-5.8,-12.4,-14.1,-17.5,4,288.2,Consumption - Appliances,Small Cap,
VINATIORGA,TFCore,33.3,52.7,-7,-13,-3,-13.5,-12.0,-13.5,-12.0,-9.5,-16.3,-16.7,5,1124.5,Chemicals - Specialty,Mid Cap,
LIKHITHA,TFCore,18.0,55.2,-1,-6,-4,3.7,16.2,3.7,16.2,-4.3,-3.4,-18.0,6,222.94,Infra - Construction,Small Cap,
3MINDIA,TFCore,20.7,26.2,-8,-12,-3,-13.8,-8.6,-13.8,-8.6,-12.7,-16.8,-14.3,5,30170.0,Others,Mid Cap,
ALKYLAMINE,TFCore,14.5,61.9,-6,-3,-2,-6.4,4.6,-6.4,4.6,-5.6,-12.6,-9.8,5,1807.6,Chemicals - Specialty,Small Cap,
BHARATRAS,TFCore,66.2,74.5,-8,-13,-5,-25.7,-28.4,-25.7,-28.4,-17.5,-29.1,-33.6,5,964.7,Agrichem - Protection,Small Cap,
CERA,TFCore,23.0,53.6,-9,-13,-4,-16.1,-5.1,-16.1,-5.1,-11.5,-19.3,-22.6,4,5002.5,Infra - Home Furnish,Small Cap,
CRISIL,TFCore,10.7,36.3,-5,-8,-1,-2.8,1.3,-2.8,1.3,-3.6,-7.9,-8.3,4,4423.8,Financials - Ratings,Mid Cap,
FAIRCHEMOR,TFCore,11.6,69.4,-9,0,-3,-1.3,21.0,-1.3,21.0,2.7,-11.6,-11.6,1,748.7,Chemicals - Specialty,Small Cap,
GALAXYSURF,TFCore,5.5,30.2,-7,2,0,17.4,15.7,17.4,9.0,2.2,-5.5,7.3,3,2502.2,Chemicals - Specialty,Small Cap,
GUJGASLTD,TFCore,,,,,,,,,,,,,,,,,
HAVELLS,TFCore,31.2,50.5,-7,-13,-2,-17.3,-12.5,-17.3,-12.5,-6.1,-20.2,-17.5,5,1041.5,Consumption - Electronics,Large Cap,
HLEGLAS,TFCore,36.0,71.9,-8,-12,-1,2.5,10.0,2.5,10.0,-8.6,-10.6,-3.6,0,423.7,Engineering,Small Cap,
IEX,TFCore,34.6,67.1,-9,-13,-2,-16.7,-13.7,-16.7,-13.7,-8.6,-21.2,-21.2,3,104.78,IT - Product/Platform,Small Cap,
IGL,TFCore,33.3,51.4,-5,-13,-5,-3.2,-10.2,-3.2,-10.2,-2.1,-7.5,-13.0,3,146.15,Utility - Gas,Mid Cap,
NAUKRI,TFCore,13.1,33.2,-5,-12,-1,-3.1,10.7,-3.1,10.7,-6.4,-10.0,-8.7,5,1219.0,IT - Product/Platform,Mid Cap,
IRCTC,TFCore,36.7,64.1,-8,-13,-5,-7.4,-8.8,-7.4,-8.8,-3.2,-11.9,-15.7,4,458.8,IT - Product/Platform,Mid Cap,
KAJARIACER,TFCore,4.7,23.0,-7,-6,-1,0.1,4.1,0.1,4.1,-1.6,-3.5,-2.4,3,1215.4,Infra - Ceramics,Small Cap,
KOTAKBANK,TFCore,1.0,4.2,4,0,0,6.8,8.7,4.7,8.7,0.9,3.9,4.8,5,441.0,Financials - Private Bank,Large Cap,
MASTEK,TFCore,29.1,54.2,-6,0,-2,-4.1,4.5,-4.1,4.5,2.2,-11.6,-10.4,4,1679.9,IT - Software/Consulting,Small Cap,
MGL,TFCore,18.9,47.5,-8,-11,-4,-6.4,-4.6,-6.4,-4.6,-3.9,-8.9,-11.2,3,1042.8,Utility - Gas,Small Cap,
NESTLEIND,TFCore,14.2,14.2,-9,-11,-1,-10.4,-6.6,-10.4,-6.6,-3.2,-13.4,-12.0,6,1333.0,Consumption - FMCG,Large Cap,
RELAXO,TFCore,37.1,80.2,-9,-8,-4,-29.0,-8.8,-29.0,-8.8,-5.4,-32.5,-31.4,5,286.0,Consumption - Footwear,Small Cap,
TCS,TFCore,35.6,53.1,-8,11,-5,-5.2,-3.9,-5.2,-3.9,0.7,-12.1,-13.6,6,2156.0,IT - Software/Consulting,Large Cap,
INDIAMART,TFCore,36.4,68.0,-9,-10,-5,-8.1,-15.9,-8.1,-15.9,-2.5,-11.7,-23.6,2,1606.8,IT - Product/Platform,Mid Cap,
VIPIND,TFCore,38.0,65.2,-8,-13,-4,-9.8,-8.4,-9.8,-8.4,-10.7,-15.1,-12.5,4,269.55,Consumption - Luggage,Small Cap,
CARBORUNIV,TFCore,12.1,34.7,-2,-10,-1,2.5,5.6,2.5,5.6,-7.3,-5.9,-4.0,5,1202.6,Engineering,Small Cap,
BLS,TFCore,37.0,58.6,-7,-12,-5,-15.3,-11.3,-15.3,-11.3,-6.5,-22.8,-22.3,4,216.23,Leisure - Misc,Small Cap,
TRITURBINE,TFCore,35.1,42.2,-8,-13,-5,-15.2,-12.0,-15.2,-12.0,-9.1,-19.9,-31.1,5,511.1,Power - Equipment,Small Cap,
ANUP,TFCore,40.0,61.4,-9,-11,-4,-21.0,-21.9,-21.0,-21.9,-12.0,-31.5,-36.2,5,1488.2,Engineering,Small Cap,
ANGELONE,TFCore,17.8,25.1,-3,-2,-5,0.1,1.0,0.1,1.0,-2.1,-5.8,-13.4,4,292.0,Financials - Broking,Small Cap,
CDSL,TFCore,24.7,36.7,-6,-13,-2,-6.9,-4.0,-6.9,-4.0,-8.3,-10.9,-10.2,4,1260.0,IT - Product/Platform,Small Cap,
CAMS,TFCore,20.4,37.4,-9,-11,-2,-13.2,-8.1,-13.2,-8.1,-6.0,-17.0,-17.0,3,672.5,IT - Product/Platform,Small Cap,
BSE,TFCore,26.1,26.1,-9,-2,-5,2.9,10.8,2.9,10.8,-1.8,-10.2,-20.7,5,3287.2,IT - Product/Platform,Mid Cap,
KFINTECH,TFCore,25.2,48.7,-6,-13,-2,-10.6,-6.4,-10.6,-6.4,-7.8,-14.4,-13.2,4,842.35,IT - Product/Platform,Small Cap,
PRICOLLTD,TFCore,18.5,18.5,-6,-11,-1,-7.8,-3.1,-7.8,-3.1,-13.0,-16.3,-17.7,6,670.85,Auto - OEM Suppliers,Small Cap,
