Symbol,Folio,DD_52W,W_BO,D_BO,M_BO,D_CHG,W_CHG,M_CHG,W_SL,M_SL,CurPrice,Sector,MarketCap,Notes
CUPID,TFStage2,-0.8,0,0,0,2.1,13.1,29.6,28.3,73.7,296.6,Consumption - Personal,Small Cap,
BAJAJCON,TFStage2,-24.26,-4,-7,-2,-4.0,-21.9,-12.5,-12.0,2.3,524.15,Consumption - Personal,Small Cap,
SANSERA,TFStage2,-0.3,0,1,0,4.0,3.7,19.8,16.6,33.6,4008.0,Auto - OEM Suppliers,Small Cap,
KIRLOSENG,TFStage2,-22.7,-5,-7,-1,-7.2,-15.6,-11.5,10.1,10.9,2102.5,Industrial - Pumps/Engines,Small Cap,
STYLAMIND,TFStage2,-12.12,0,-3,0,1.1,3.1,8.6,5.4,18.2,3647.2,Paper,Small Cap,
ATHERENERG,TFStage2,-3.7,0,-1,0,-1.7,2.7,20.7,17.0,40.3,1521.6,,,
LUPIN,TFStage2,-11.5,-5,-11,-1,-8.3,-10.3,-7.8,-5.5,-3.4,2238.7,Healthcare - Pharma,Mid Cap,
BELRISE,TFStage2,-3.56,0,-1,0,-0.3,4.2,7.5,8.6,14.6,258.64,,,
BLISSGVS,TFStage2,-6.33,-5,-1,-2,1.2,-1.2,-4.0,13.1,17.8,518.0,Healthcare - Pharma,Small Cap,
ANZEN,TFStage2,,,,,,,,,,,,,
INDUSINVIT,TFStage2,,,,,,,,,,,,,
CHENNPETRO,TFStage2,-7.73,0,-3,0,-4.7,4.8,6.1,8.3,16.4,1337.0,Petro - Refineries,Small Cap,
HAPPYFORGE,TFStage2,-0.3,0,0,0,2.9,9.0,25.1,22.7,40.0,2078.7,Metals - Casting/Forging,Small Cap,
ROSSTECH,TFStage2,-3.45,-1,-4,2,-0.1,0.3,3.7,9.0,14.8,1095.75,,,
ARVIND,TFStage2,-9.0,-6,-2,-2,-3.8,-4.1,-7.0,5.9,16.9,546.0,Textile - Apparels,Small Cap,
CUMMINSIND,TFStage2,-11.84,-8,-13,-2,-4.5,-10.1,-10.1,-4.5,4.3,5377.5,Industrial - Pumps/Engines,Large Cap,
GVPIL,TFStage2,-29.0,-7,-1,-1,-5.0,-28.7,-16.8,-17.2,30.6,769.6,Power - Equipment,Small Cap,
NITINSPIN,TFStage2,-10.23,-1,-4,-1,-7.0,-6.9,-6.5,0.7,3.8,537.7,Textile - Spinning/Yarn,Small Cap,
CPPLUS,TFStage2,-14.04,-1,-1,-1,-9.7,-5.1,-3.8,0.0,11.5,3519.0,,,
STEELCAS,TFStage2,-1.67,0,-1,0,2.0,5.9,10.4,9.5,18.6,351.05,Metals - Casting/Forging,Small Cap,
AEROFLEX,TFStage2,-12.56,-7,-7,-1,-1.3,-10.9,-3.2,1.8,21.7,456.35,Metals - Iron & Steel,Small Cap,
SPORTKING,TFStage2,-15.99,-1,-8,-1,-11.5,-10.2,3.3,0.8,16.2,202.9,Textile - Spinning/Yarn,Small Cap,
SGMART,TFStage2,-1.51,0,-1,0,1.5,4.1,7.8,7.4,23.0,746.0,,,
CENTUM,TFStage2,-6.36,-1,-4,-1,-4.3,-3.5,-2.8,4.5,7.4,3716.3,Electronic - Equipment,Small Cap,
APOLLOPIPE,TFStage2,-8.32,-1,-6,-2,-4.9,-2.3,-2.1,2.3,5.4,507.9,Infra - Plastic Pipes,Small Cap,
J&KBANK,TFStage2,-22.25,-5,-12,0,-11.4,-18.6,1.0,-7.6,13.5,156.86,Financials - Private Bank,Small Cap,
WHEELS,TFStage2,-21.68,-6,-13,-1,-4.1,-16.7,-20.9,-3.3,15.7,1416.0,Auto - OEM Suppliers,Small Cap,
SAILIFE,TFStage2,-1.59,0,-2,0,-0.4,6.2,10.3,10.2,21.7,1450.5,,,
AKUMS,TFStage2,-4.49,4,-2,0,-2.4,5.4,12.0,9.3,23.4,740.2,,,
KRN,TFStage2,0.0,7,-1,2,5.0,12.5,13.4,22.4,25.2,1468.3,,,
EBGNG,TFStage2,-16.87,-6,-2,-1,-2.1,-10.6,-11.1,3.2,24.0,573.15,,,
BALRAMCHIN,TFStage2,-6.63,-1,-8,0,-4.8,-1.9,4.2,4.9,12.2,621.35,Agri - Sugar,Small Cap,
ASTERDM,TFStage2,-7.46,-1,-5,-1,-5.5,-5.2,0.3,0.5,7.6,824.85,Healthcare - Hospitals,Small Cap,
DEEDEV,TFStage2,-16.99,-6,-8,-1,-8.2,-10.4,-2.4,1.1,19.2,630.85,,,
HFCL,TFStage2,-1.31,6,-1,0,0.9,4.1,6.5,12.8,27.7,227.93,Telecom,Small Cap,
JINDALSAW,TFStage2,-4.98,-5,-4,1,-3.3,-3.2,2.1,2.2,8.4,267.0,Metals - Pipe & Tube,Small Cap,
ADANIPOWER,TFStage2,-18.97,-8,-13,-2,-3.9,-15.9,-15.9,-8.9,3.7,205.98,Power - Misc,Large Cap,
ALIVUS,TFStage2,-3.81,0,-2,0,-2.0,2.6,17.6,13.7,23.5,1364.0,Healthcare - Pharma,Small Cap,
PIXTRANS,TFStage2,-7.88,2,-3,1,-5.0,4.7,4.8,11.0,17.6,1924.4,Industrial - Consumables,Small Cap,
GRANULES,TFStage2,-5.82,-4,-4,0,-0.8,-3.7,2.8,3.6,8.7,857.05,Healthcare - Pharma,Small Cap,
EMCURE,TFStage2,-3.58,-1,-1,0,-1.6,-0.2,3.3,2.6,10.4,1974.6,,,
INOXINDIA,TFStage2,-9.09,-2,-13,-1,-4.0,-5.6,-1.7,0.6,23.9,1927.2,Engineering,Small Cap,
SHRIPISTON,TFStage2,-2.14,0,-8,0,0.1,1.1,3.5,4.4,14.8,4489.8,Auto - OEM Suppliers,Small Cap,
ACMESOLAR,TFStage2,-5.46,-4,-7,-1,-1.9,-2.2,-1.1,3.1,10.3,376.9,Power - Green,Small Cap,
HONASA,TFStage2,-1.48,0,-3,1,3.3,3.5,7.9,8.1,16.9,494.2,Others,Small Cap,
WELCORP,TFStage2,-0.24,0,-1,0,0.7,2.7,14.5,12.0,32.5,1889.5,Metals - Pipe & Tube,Small Cap,
SGFIN,TFStage2,-9.73,-2,-7,-1,-6.9,-7.9,-0.3,-2.5,9.5,656.65,,,
CGPOWER,TFStage2,-10.01,-7,-1,-1,-0.6,-8.8,-7.9,-3.2,12.1,882.7,Power - Equipment,Large Cap,
AYMSYNTEX,TFStage2,-4.7,4,2,0,3.3,2.0,9.2,11.5,14.5,268.0,Textile - Spinning/Yarn,Small Cap,
LLOYDSME,TFStage2,-10.52,-1,-4,-1,-8.8,-9.5,-7.1,-1.5,5.7,1901.5,Metals - Iron & Steel,Mid Cap,
MMFL,TFStage2,-9.04,-1,-4,0,-7.0,-4.0,12.9,6.8,26.8,604.0,Metals - Casting/Forging,Small Cap,
CONFIPET,TFStage2,-16.19,-1,-8,-1,-12.9,-10.9,-7.5,-6.0,5.7,72.41,Utility - Misc,Small Cap,
MARICO,TFStage2,-3.26,-2,-10,-1,-2.3,-2.8,-2.8,1.4,3.6,860.15,Agri - Edible Oil,Mid Cap,
RPTECH,TFStage2,-11.63,-1,-7,0,-8.3,-4.4,2.6,9.5,26.8,855.2,Others,Small Cap,
SONACOMS,TFStage2,-5.25,-1,-4,0,-3.3,-3.1,3.1,4.7,23.8,793.0,Auto - OEM Suppliers,Small Cap,
STARHEALTH,TFStage2,-7.18,-5,-11,-1,-5.3,-3.8,-3.5,0.1,9.7,580.05,Financials - Non-Life,Small Cap,
RUBICON,TFStage2,,0,-1,0,-0.9,5.6,9.3,8.6,30.6,1640.0,,,
SKYGOLD,TFStage2,-6.96,0,-1,0,-3.3,9.7,22.6,18.9,46.5,789.0,Consumption - Jewelry,Small Cap,
KMEW,TFStage2,-2.1,1,0,0,4.1,9.0,9.0,11.4,26.9,2756.6,,,
PREMIERENE,TFStage2,-10.26,-5,-4,-2,-2.9,-8.9,-5.6,-4.5,6.6,1017.6,,,
BHEL,TFStage2,-5.39,2,0,1,1.0,0.0,1.3,5.0,8.3,422.45,Power - Equipment,Mid Cap,
WSTCSTPAPR,TFStage2,-5.27,0,-2,0,-0.7,2.0,7.3,7.6,17.3,611.0,Paper,Small Cap,
HIRECT,TFStage2,-10.15,-1,-11,-1,-6.3,-6.5,-3.3,-0.4,12.8,1257.0,Electronic - Equipment,Small Cap,
APOLLOHOSP,TFStage2,-2.82,-1,-8,-1,-2.1,-2.6,-2.2,0.4,4.3,8794.5,Healthcare - Hospitals,Large Cap,
VISHNU,TFStage2,-10.75,-3,-13,-1,-6.4,-7.7,-3.3,-1.7,3.0,598.0,Chemicals - Misc,Small Cap,
MAYURUNIQ,TFStage2,-16.41,-5,-13,-1,-6.3,-15.6,-11.9,-5.9,8.2,758.2,Leather Products,Small Cap,
ASHIANA,TFStage2,-17.77,-1,-9,-1,-8.4,-9.7,-9.9,-4.4,0.5,358.45,Real Estate,Small Cap,
ZYDUSWELL,TFStage2,-17.3,-5,-12,-2,-11.5,-15.7,-12.1,-10.0,-0.5,506.0,Consumption - FMCG,Small Cap,
PAISALO,TFStage2,-9.85,-5,-9,-1,-3.2,-4.7,-1.8,4.0,19.2,69.77,Financials - NBFC,Small Cap,
SPAL,TFStage2,-22.25,-5,-3,-2,-11.2,-18.1,-16.5,-7.9,9.5,950.05,Textile - Apparels,Small Cap,
RISHABH,TFStage2,-5.45,-3,-2,0,-3.0,-1.6,7.3,3.4,17.3,655.05,Electronic - Equipment,Small Cap,
UFBL,TFStage2,-6.63,-1,-5,0,-2.8,-2.3,16.7,9.8,41.2,788.95,Leisure - Restaurants,Small Cap,
UNIPARTS,TFStage2,-2.0,0,-3,0,-0.4,0.9,12.9,11.7,28.2,822.2,Engineering,Small Cap,
ADANIENSOL,TFStage2,-10.73,-3,-13,-1,-6.3,-7.4,-2.9,-2.2,7.3,1597.0,Power - Misc,Large Cap,
DEEPINDS,TFStage2,-4.56,0,-1,0,-1.9,4.4,21.6,18.4,37.5,667.15,Oil and Gas,Small Cap,
AVALON,TFStage2,-3.06,-1,-1,0,-0.8,-1.2,7.0,7.4,23.0,1942.6,Electronic - Equipment,Small Cap,
SENORES,TFStage2,-1.56,4,-1,0,-0.1,5.2,11.0,10.7,23.9,1491.1,,,
SHREEJISPG,TFStage2,-3.57,-1,-4,0,-2.4,-2.3,2.1,8.5,30.8,657.2,,,
BEPL,TFStage2,-10.93,-1,-3,0,-1.3,-0.2,10.3,4.4,19.1,123.36,Chemicals - Specialty,Small Cap,
IGPL,TFStage2,-13.27,-1,-6,-1,-9.8,-6.3,-1.4,2.4,5.3,461.8,Chemicals - Bulk,Small Cap,
KAJARIACER,TFStage2,-1.89,3,0,1,0.7,2.4,4.9,6.6,9.6,1269.4,Infra - Ceramics,Small Cap,
MANINDS,TFStage2,-4.11,6,1,0,2.7,2.8,4.5,12.9,15.5,612.45,Metals - Pipe & Tube,Small Cap,
CARBORUNIV,TFStage2,-11.87,-8,-1,-1,-1.5,-7.2,-2.8,4.6,23.5,1151.8,Engineering,Small Cap,
USHAMART,TFStage2,-6.58,-5,-6,-3,-5.1,-4.8,-2.6,-1.0,3.9,492.8,Power - Wiring,Small Cap,
RAMRAT,TFStage2,-8.49,0,-1,0,-0.1,3.1,3.4,9.0,14.7,475.85,Power - Wiring,Small Cap,
KINGFA,TFStage2,-1.56,0,-1,1,-1.2,7.2,7.2,13.9,17.2,5982.5,Industrial - Consumables,Small Cap,
IOLCP,TFStage2,-7.13,-5,-4,0,-0.0,-2.5,14.4,8.2,23.9,166.8,Healthcare - Pharma,Small Cap,
TFCILTD,TFStage2,-0.45,0,3,0,1.9,1.1,17.6,19.4,46.4,118.76,Financials - Misc,Small Cap,
SUVEN,TFStage2,-10.03,-4,-2,0,-1.0,-7.3,11.5,7.1,22.1,333.8,Healthcare - Pharma,Small Cap,
TIIL,TFStage2,-4.48,0,0,0,8.0,17.0,22.9,22.4,25.6,3152.2,Metals - Casting/Forging,Small Cap,
SPARC,TFStage2,-29.84,-5,-6,-1,-7.4,-23.4,-14.1,-11.8,6.0,202.77,Healthcare - Pharma,Small Cap,
RBLBANK,TFStage2,-1.67,-1,-6,0,-1.1,-0.9,2.1,2.9,8.7,386.15,Financials - Private Bank,Small Cap,
WABAG,TFStage2,-14.03,-5,-8,-1,-3.8,-12.8,-4.8,-2.4,21.3,1937.4,Infra - Construction,Small Cap,
ANTHEM,TFStage2,-2.76,0,-2,0,-1.4,4.1,11.6,9.2,14.8,875.1,,,
SATIN,TFStage2,-19.5,-2,-10,-1,-17.2,-18.6,-10.7,-11.8,7.5,220.69,Financials - MFI,Small Cap,
NEOGEN,TFStage2,-9.27,-3,-3,0,0.8,-1.6,6.1,9.1,12.9,2154.0,Chemicals - Specialty,Small Cap,
FINEORG,TFStage2,-2.41,-7,0,-2,1.1,-0.4,-0.4,8.5,12.5,5276.7,Chemicals - Specialty,Small Cap,
ADANIGREEN,TFStage2,-19.03,-5,-3,-1,-5.9,-15.6,-11.5,-12.4,13.2,1321.1,Power - Green,Large Cap,
PARAS,TFStage2,-4.92,-7,0,0,4.4,-2.6,5.8,11.0,24.8,1372.0,Defense - Misc,Small Cap,
NYKAA,TFStage2,-4.51,-1,-7,-1,-2.4,-0.8,-0.4,2.1,11.9,332.3,IT - Product/Platform,Mid Cap,
YATHARTH,TFStage2,-9.25,-5,-3,-1,-6.3,-4.2,-3.0,1.3,2.2,834.45,Healthcare - Hospitals,Small Cap,
AZAD,TFStage2,-0.37,0,0,0,5.3,9.1,20.2,16.6,28.8,2715.0,Engineering,Small Cap,
IFCI,TFStage2,-19.46,-8,-9,-1,-0.7,-12.0,0.8,4.0,7.9,77.16,Financials - NBFC,Small Cap,
NOVARTIND,TFStage2,,-2,-13,0,-3.6,-5.5,1.4,5.3,13.9,1597.2,Healthcare - Pharma,Small Cap,
NESTLEIND,TFStage2,-2.96,-1,-5,-1,-1.8,-2.1,-0.2,1.3,5.6,1507.1,Consumption - FMCG,Large Cap,
PHOENIXLTD,TFStage2,-12.92,-4,-13,-1,-6.9,-11.7,-3.8,-5.6,6.4,1889.4,Real Estate,Mid Cap,
UNIVCABLES,TFStage2,-3.54,0,-3,0,0.3,21.3,28.6,30.8,48.7,1712.0,Power - Wiring,Small Cap,
GOCLCORP,TFStage2,-11.68,-7,-4,-1,-6.3,-8.7,-0.9,0.5,6.9,406.2,Defense - Misc,Small Cap,
JAGSNPHARM,TFStage2,-14.11,-5,-5,-1,-6.3,-6.0,-5.3,0.6,6.6,227.19,Healthcare - Pharma,Small Cap,
PIRAMALFIN,TFStage2,,-7,-7,-1,-2.5,-5.4,-4.9,-2.0,5.1,2057.5,,,
AEROENTER,TFStage2,-18.07,-7,-2,-1,-7.9,-11.9,-14.1,9.3,17.2,122.52,Metals - Iron & Steel,Small Cap,
LLOYDSENT,TFStage2,-8.45,-1,-4,-1,-6.8,-7.1,-3.0,-1.8,7.4,77.54,,,
SANGAMIND,TFStage2,-8.97,-4,-9,-1,-4.6,-7.1,-3.9,-1.8,7.6,591.7,Textile - Spinning/Yarn,Small Cap,
DIACABS,TFStage2,-3.03,0,-1,0,-0.4,0.9,13.4,18.2,63.9,367.5,Power - Wiring,Small Cap,
KPIL,TFStage2,-9.09,-7,-2,-1,-3.3,-4.6,-2.5,1.8,10.7,1345.1,Infra - Construction,Small Cap,
APCOTEXIND,TFStage2,-16.26,-1,-11,-1,-10.7,-3.0,-2.5,3.4,14.7,596.25,Industrial - Consumables,Small Cap,
BCLIND,TFStage2,-20.04,-8,-8,-1,-4.8,-7.3,-2.3,3.1,3.6,35.9,Agri - Edible Oil,Small Cap,
IPCALAB,TFStage2,-10.15,-4,-1,-1,-3.6,-8.1,-0.6,1.7,11.1,1747.4,Healthcare - Pharma,Mid Cap,
ASIANENE,TFStage2,-10.62,-1,-7,-1,-9.3,-8.2,-4.3,2.6,7.0,375.4,Oil and Gas,Small Cap,
GOODLUCK,TFStage2,-24.1,-4,-5,-1,-17.5,-19.3,-16.4,-13.9,-3.0,1269.1,Metals - Pipe & Tube,Small Cap,
SOMANYCERA,TFStage2,-3.77,-5,0,-1,1.1,-1.9,-1.2,4.2,19.3,531.65,Infra - Ceramics,Small Cap,
CGCL,TFStage2,-12.61,-3,-13,-1,-4.7,-9.8,-0.5,-0.7,16.5,231.16,Financials - NBFC,Small Cap,
BHAGCHEM,TFStage2,-12.73,-5,-9,-1,-7.5,-6.5,-5.9,-1.0,3.9,276.55,Agrichem - Protection,Small Cap,
DHANBANK,TFStage2,-12.29,-5,-13,-2,-7.5,-7.0,-2.1,-2.4,5.9,32.32,Financials - Private Bank,Small Cap,
ITDC,TFStage2,-14.7,-4,-13,-1,-5.3,-5.8,0.6,2.1,13.4,701.15,Leisure - Hotels,Small Cap,
TIPSMUSIC,TFStage2,-9.92,-5,-13,-2,-5.7,-6.2,-0.0,1.8,4.8,667.5,Media - Entertaintment,Small Cap,
OLECTRA,TFStage2,-21.71,-7,-6,-1,-4.3,-12.3,-11.0,0.3,5.1,1342.0,Auto - PV/Trucks,Small Cap,
KERNEX,TFStage2,-15.33,-1,-6,-1,-12.4,-10.9,-1.4,0.0,14.0,2184.6,Railways,Small Cap,
INDOTECH,TFStage2,-9.73,-1,-5,0,-7.3,-5.3,6.0,7.1,24.7,3590.0,Power - Equipment,Small Cap,
PGIL,TFStage2,-2.43,0,-1,0,0.0,0.6,21.5,15.5,33.1,2478.0,Textile - Apparels,Small Cap,
PAGEIND,TFStage2,-18.11,-6,-11,-1,-7.7,-12.2,-11.0,-5.4,-0.2,37580.0,Textile - Innerwear,Mid Cap,
STEELXIND,TFStage2,-20.22,-7,-13,-2,-4.1,-16.9,-14.4,-9.2,13.9,11.13,Metals - Iron & Steel,Small Cap,
DIFFNKG,TFStage2,-13.37,-1,-5,-1,-11.7,-10.8,-7.9,2.1,17.0,393.2,,,
PNBHOUSING,TFStage2,-0.96,0,-1,2,0.5,1.8,11.3,7.2,13.5,1163.5,Financials - Housing,Small Cap,
OBEROIRLTY,TFStage2,-6.83,-5,-9,0,0.3,-5.6,2.0,4.7,11.6,1850.5,Real Estate,Mid Cap,
JTLIND,TFStage2,-12.6,-5,-7,-1,-3.0,-8.3,-4.7,-0.5,8.7,76.21,Metals - Iron & Steel,Small Cap,
JSFB,TFStage2,-2.5,-1,-8,-1,-0.8,-0.1,2.6,9.6,19.8,578.15,Financials - Private Bank,Small Cap,
IDEAFORGE,TFStage2,-19.74,-9,-5,-1,-13.8,-15.7,-9.0,-5.0,32.7,796.4,Defense - Technology,Small Cap,
AVL,TFStage2,-11.28,-6,-7,-1,-0.9,-6.1,-6.8,10.8,12.1,625.45,,,
AUBANK,TFStage2,-1.94,4,-1,0,-0.8,1.2,3.6,3.5,7.2,1084.5,Financials - Private Bank,Mid Cap,
E2E,TFStage2,-0.15,0,0,0,3.9,14.3,33.6,26.0,63.0,658.0,IT - Software/Consulting,Small Cap,
MARINE,TFStage2,-2.44,0,0,0,4.9,12.4,32.4,34.0,46.7,378.55,Electronic - Equipment,Small Cap,
PRUDENT,TFStage2,-3.15,-1,-2,0,-1.7,-1.4,3.2,5.4,14.8,3326.0,Financials - Misc,Small Cap,
VENUSPIPES,TFStage2,-16.23,-5,-9,-1,-7.6,-13.1,-9.3,-4.7,12.1,1570.7,Metals - Iron & Steel,Small Cap,
KRISHNADEF,TFStage2,-24.5,-7,-13,-1,-20.0,-22.6,-12.5,-14.0,-5.9,1057.0,Defense - Misc,Small Cap,
OAL,TFStage2,-9.26,-1,-11,-1,-6.9,-4.1,-0.4,0.3,10.7,362.95,Chemicals - Specialty,Small Cap,
KSL,TFStage2,-12.8,-5,-12,-1,-5.0,-10.7,-3.1,-2.4,5.9,856.8,Metals - Iron & Steel,Small Cap,
MOREPENLAB,TFStage2,-3.09,0,-1,0,1.3,1.7,36.6,29.6,56.4,81.65,Healthcare - Pharma,Small Cap,
DEEPAKFERT,TFStage2,-12.38,-5,-12,-1,-10.3,-10.7,-5.6,-4.2,8.8,1472.9,Agrichem - Fertilizers,Small Cap,
SHAILY,TFStage2,-5.59,0,-2,0,-1.0,7.9,12.7,12.0,21.7,3413.0,Industrial - Consumables,Small Cap,
TALBROAUTO,TFStage2,-5.67,-1,-6,0,-3.7,-3.0,2.0,5.6,13.4,426.0,Auto - OEM Suppliers,Small Cap,
CEMPRO,TFStage2,-21.82,-3,-9,-1,-7.3,-21.1,-5.1,-7.3,31.2,1289.3,Infra - Construction,Small Cap,
MONARCH,TFStage2,-2.84,-1,-7,-1,-0.6,-0.9,1.6,7.0,14.7,392.35,Financials - Broking,Small Cap,
VIYASH,TFStage2,-11.96,-5,-4,-1,-5.0,-11.1,-5.9,-1.9,8.7,262.35,Healthcare - Pharma,Small Cap,
ADANIENT,TFStage2,-8.56,-5,-9,-1,-2.9,-8.1,-2.4,-2.0,10.5,2967.1,Metals - Misc,Large Cap,
VINDHYATEL,TFStage2,-8.24,-7,-2,2,-4.9,-1.6,7.9,14.6,25.0,2385.8,Telecom,Small Cap,
POLYPLEX,TFStage2,-6.47,1,-2,0,-3.1,3.9,7.1,6.8,19.9,1182.2,Packaging,Small Cap,
PREMEXPLN,TFStage2,-20.87,-5,-13,-1,-1.6,-16.5,-18.8,-9.9,1.7,656.6,Defense - Misc,Small Cap,
PARACABLES,TFStage2,-9.06,-7,-1,-1,0.1,-7.7,-0.4,5.1,12.0,68.84,Power - Wiring,Small Cap,
SOUTHBANK,TFStage2,-7.96,-7,-13,-1,-3.4,-5.7,-1.6,5.9,4.3,45.93,Financials - Private Bank,Small Cap,
WOCKPHARMA,TFStage2,-20.14,-1,-7,-2,-4.7,-18.6,-18.6,-0.8,26.7,1934.5,Healthcare - Pharma,Small Cap,
CERA,TFStage2,-12.14,-7,-7,-1,-6.6,-9.6,-8.7,-1.3,4.8,5922.0,Infra - Home Furnish,Small Cap,
DIVISLAB,TFStage2,-1.59,0,-2,0,-0.7,1.9,6.0,8.7,23.2,8536.0,Healthcare - Pharma,Large Cap,
RKFORGE,TFStage2,-3.88,0,-2,0,-2.1,1.0,12.7,14.0,25.5,733.85,Metals - Casting/Forging,Small Cap,
SASKEN,TFStage2,-28.47,-8,-7,-3,-2.0,-23.1,-11.9,-5.4,31.8,1988.8,IT - Services,Small Cap,
BANSALWIRE,TFStage2,-14.02,-5,-4,-1,-3.8,-12.5,-8.1,-1.4,6.5,321.55,,,
CAPITALSFB,TFStage2,-9.41,-3,-4,-1,-1.8,-3.9,-0.9,2.7,4.3,293.25,Financials - Private Bank,Small Cap,
RRKABEL,TFStage2,-1.89,0,-2,0,-0.7,1.3,9.1,8.2,26.3,2794.1,Power - Wiring,Small Cap,
SIS,TFStage2,-9.19,-2,-1,0,-0.4,-0.7,2.9,4.3,7.4,436.75,Others,Small Cap,
TVSSCS,TFStage2,-13.62,-5,-11,-1,-7.7,-10.7,-7.0,-5.6,6.7,126.54,Transport - Logistics,Small Cap,
SKIPPER,TFStage2,-9.49,-5,-8,-2,-2.2,-7.0,-5.8,2.0,18.5,536.75,Power - Equipment,Small Cap,
EXICOM,TFStage2,-16.89,-5,-6,-1,-9.7,-15.4,-11.4,-1.9,8.9,152.01,IT - Equipments,Small Cap,
VSSL,TFStage2,-6.45,-1,-4,0,-4.0,-3.8,9.6,5.6,17.4,329.0,Metals - Iron & Steel,Small Cap,
NIVABUPA,TFStage2,-8.55,-7,-10,-1,-5.4,-4.7,-2.9,-2.4,1.9,83.4,,,
NAZARA,TFStage2,-0.36,0,2,0,1.4,2.4,17.1,10.8,23.7,360.7,IT - Product/Platform,Small Cap,
ABDL,TFStage2,-14.44,-5,-10,-2,-6.1,-7.1,-8.8,-3.6,7.8,608.9,,,
POWERMECH,TFStage2,-24.18,-7,-13,-1,-7.8,-17.0,-12.2,-9.9,-1.4,2452.7,Infra - Construction,Small Cap,
SHYAMMETL,TFStage2,-9.81,-3,-13,-1,-5.0,-8.1,-4.8,-0.0,2.4,982.1,Metals - Iron & Steel,Small Cap,
JGCHEM,TFStage2,-5.11,0,-3,0,-0.7,12.3,23.2,22.5,41.3,620.6,Chemicals - Specialty,Small Cap,
EQUITASBNK,TFStage2,-9.96,-5,-13,-1,-4.8,-8.1,-0.7,-1.4,9.1,75.54,Financials - Private Bank,Small Cap,
YASHO,TFStage2,-4.33,0,-2,0,-0.1,3.4,33.6,18.8,66.7,4295.6,Chemicals - Specialty,Small Cap,
LLOYDSENGG,TFStage2,-5.64,-1,-4,0,-2.8,-2.8,6.2,3.8,20.2,94.12,Metals - Iron & Steel,Small Cap,
MUTHOOTMF,TFStage2,-20.36,-2,-13,-1,-18.0,-16.3,-15.2,-11.8,11.2,209.26,Financials - NBFC,Small Cap,
GPTHEALTH,TFStage2,-10.61,-1,-10,-1,-9.3,-9.2,-7.2,-2.2,3.3,154.07,Healthcare - Hospitals,Small Cap,
FLUOROCHEM,TFStage2,-2.27,1,0,0,3.1,4.1,10.3,10.1,23.7,4846.1,Chemicals - Specialty,Mid Cap,
MUFIN,TFStage2,-2.04,-1,-2,0,-0.1,-0.0,1.3,4.3,8.6,137.13,Financials - Misc,Small Cap,
VIJAYA,TFStage2,-1.64,4,-1,0,-0.9,8.0,10.3,10.9,16.2,1500.0,Healthcare - Diagnostics,Small Cap,
SJS,TFStage2,-4.68,0,-6,0,-0.7,0.9,4.7,7.7,15.7,2468.8,Auto - OEM Suppliers,Small Cap,
RATEGAIN,TFStage2,-13.1,-3,-7,-1,-6.7,-4.1,1.3,-0.1,12.2,912.4,IT - Product/Platform,Small Cap,
INNOVACAP,TFStage2,-7.59,3,-2,0,-1.9,3.9,5.5,10.1,13.2,1035.0,Healthcare - Pharma,Small Cap,
BLSE,TFStage2,-4.34,-1,-2,0,-2.4,0.1,5.5,5.9,31.4,310.8,IT - Services,Small Cap,
UNIMECH,TFStage2,-0.69,0,2,0,1.1,1.8,25.1,14.6,33.8,1472.5,,,
GODREJIND,TFStage2,-12.46,-5,-8,-1,-5.5,-10.9,-3.5,2.7,8.5,1263.2,Chemicals - Specialty,Mid Cap,
MANALIPETC,TFStage2,-8.88,1,-1,0,3.3,4.4,9.6,10.6,14.6,70.71,Chemicals - Petro,Small Cap,
GRASIM,TFStage2,-5.07,-1,-4,1,-3.4,-2.6,2.8,2.0,5.9,3238.2,Infra - Cement,Large Cap,
RAYMOND,TFStage2,-1.87,4,-1,0,0.1,0.4,8.9,5.2,15.3,633.95,Textile - Apparels,Small Cap,
RAIN,TFStage2,-16.6,-2,-6,-1,-13.7,-7.2,-5.7,-2.7,13.5,210.18,Chemicals - Petro,Small Cap,
GNFC,TFStage2,-9.09,-7,1,0,1.4,-1.4,3.0,7.3,9.4,560.0,Agrichem - Fertilizers,Small Cap,
ASIANPAINT,TFStage2,-8.49,-8,-9,-1,-2.0,-3.1,-0.5,2.0,3.2,2732.1,Consumption - Paints,Large Cap,
GRINDWELL,TFStage2,-11.78,-6,0,-2,1.7,-2.8,-0.0,9.4,18.2,2165.7,Engineering,Small Cap,
ALKYLAMINE,TFStage2,-10.23,-5,-3,0,-2.1,-2.4,6.8,3.4,11.4,1909.4,Chemicals - Specialty,Small Cap,
COSMOFIRST,TFStage2,-7.41,0,-2,0,0.3,4.5,6.2,6.2,18.3,937.45,Packaging,Small Cap,
WELSPUNLIV,TFStage2,-0.4,4,0,0,7.7,3.4,10.8,11.5,17.6,177.28,Textile - Misc,Small Cap,
ADOR,TFStage2,-2.76,2,12,0,3.0,3.9,4.9,6.2,23.2,1552.9,Engineering,Small Cap,
HNDFDS,TFStage2,-0.69,0,-1,0,0.4,2.8,3.9,4.0,9.8,596.25,Consumption - Misc,Small Cap,
ICIL,TFStage2,-16.04,-1,-3,-1,-9.4,-8.7,-12.0,2.3,18.0,389.4,Textile - Spinning/Yarn,Small Cap,
SOTL,TFStage2,-14.45,-1,-5,0,-10.8,-7.8,18.5,6.7,38.9,697.1,Petro - Lubricants,Small Cap,
HESTERBIO,TFStage2,-9.79,-3,-13,-1,-4.4,-6.9,-2.3,2.7,14.1,2421.0,Healthcare - Diagnostics,Small Cap,
GREENPLY,TFStage2,-15.16,-3,-6,-2,-4.7,-11.8,-4.4,-5.4,9.5,283.7,Infra - Laminates,Small Cap,
THEMISMED,TFStage2,-30.01,-5,-6,-1,-10.1,-13.4,-5.8,-6.6,9.9,103.58,Healthcare - Pharma,Small Cap,
ARMANFIN,TFStage2,-4.75,-1,-1,0,-3.5,-2.0,5.0,4.5,15.5,1990.8,Financials - NBFC,Small Cap,
INDUSINDBK,TFStage2,-4.54,-3,-8,0,-0.4,-1.7,0.9,3.7,8.2,1020.3,Financials - Private Bank,Mid Cap,
GEOJITFSL,TFStage2,-6.87,-3,-1,1,0.3,-2.7,2.4,1.4,7.7,79.52,Financials - Broking,Small Cap,
ZYDUSLIFE,TFStage2,-3.19,4,-2,0,-1.8,1.4,4.6,5.7,8.7,1166.6,Healthcare - Pharma,Mid Cap,
AJANTPHARM,TFStage2,-0.83,0,0,0,1.0,4.0,4.7,5.4,12.1,3629.6,Healthcare - Pharma,Small Cap,
WELENT,TFStage2,-11.62,-4,-8,-1,-7.7,-10.4,-7.1,-5.3,6.8,561.15,Infra - Construction,Small Cap,
YESBANK,TFStage2,-11.29,-7,-7,-1,-0.7,-10.3,-5.7,-3.1,11.2,22.87,Financials - Private Bank,Mid Cap,
RML,TFStage2,-14.9,-5,-8,-1,-5.9,-13.3,-5.7,3.9,22.4,1126.6,Auto - OEM Suppliers,Small Cap,
GMRAIRPORT,TFStage2,-11.93,-5,-12,-1,-5.7,-9.8,-9.7,-6.4,1.2,101.84,Infra - Construction,Mid Cap,
TANLA,TFStage2,-23.9,-1,-3,-1,-7.1,-5.0,-1.7,-1.0,7.3,582.95,IT - Product/Platform,Small Cap,
IDEA,TFStage2,-10.3,-8,0,-1,1.0,-10.3,-4.8,-3.4,25.2,13.76,Telecom,Mid Cap,
FORTIS,TFStage2,-18.5,-8,-4,-2,-6.1,-10.0,-6.0,-5.0,-3.0,900.0,Healthcare - Hospitals,Mid Cap,
KPRMILL,TFStage2,-18.22,-7,-2,-1,-1.7,-8.4,-7.7,1.4,19.0,1091.0,Textile - Apparels,Mid Cap,
TITAGARH,TFStage2,-13.68,-7,-8,-1,-2.3,-9.5,-5.3,-3.2,11.9,838.15,Railways,Small Cap,
RPGLIFE,TFStage2,-9.71,-3,-12,0,-5.1,-5.3,0.2,4.7,15.3,2782.7,Healthcare - Pharma,Small Cap,
LXCHEM,TFStage2,-26.6,-2,-12,-1,-11.1,-7.4,-0.9,4.7,10.2,176.89,Chemicals - Specialty,Small Cap,
CYIENTDLM,TFStage2,-3.68,0,-1,0,-0.2,3.3,5.6,8.4,42.4,707.9,Electronic - Equipment,Small Cap,
MANKIND,TFStage2,-8.65,-3,-12,-1,-6.5,-5.3,-4.4,-2.3,3.7,2442.6,Healthcare - Pharma,Large Cap,
EMMVEE,TFStage2,,-6,-13,-1,-5.0,-11.1,-7.7,-2.0,8.0,319.05,,,
MOLDTKPAC,TFStage2,-21.08,-2,-7,-1,-3.6,-6.2,-4.5,-0.2,16.7,687.0,Packaging,Small Cap,
KICL,TFStage2,-17.49,-1,-5,-1,-3.6,-4.2,1.5,0.0,4.2,5408.5,Financials - Misc,Small Cap,
KIMS,TFStage2,-6.06,-5,-9,-1,-1.0,-5.7,-1.5,2.0,9.5,806.0,Healthcare - Hospitals,Small Cap,
STOVEKRAFT,TFStage2,-9.58,-4,-11,-1,-4.9,-4.9,-4.1,4.1,23.4,768.4,Consumption - Appliances,Small Cap,
SUPRIYA,TFStage2,-26.08,-8,-4,-1,-13.4,-19.7,-21.8,-12.2,9.3,802.0,Healthcare - Pharma,Small Cap,
GLAND,TFStage2,-0.07,0,0,0,2.8,15.2,19.1,19.7,29.8,2997.0,Healthcare - Pharma,Small Cap,
ARTEMISMED,TFStage2,-3.01,-1,-7,0,-1.0,-0.1,5.9,6.6,15.9,316.1,Healthcare - Hospitals,Small Cap,
VMART,TFStage2,-9.61,-5,-4,1,-1.6,-0.3,3.0,4.2,12.5,802.7,Consumption - Retail,Small Cap,
IIFLCAPS,TFStage2,-18.56,-8,-9,-2,-1.1,-2.9,-1.9,-1.3,6.9,334.95,Financials - Broking,Small Cap,
IKS,TFStage2,-6.77,-4,-6,-1,-3.8,-6.5,1.1,-0.3,6.9,1802.1,,,
RAINBOW,TFStage2,-11.29,-1,-6,-1,-10.0,-8.2,-6.1,-3.6,2.0,1428.3,Healthcare - Hospitals,Small Cap,
MEDANTA,TFStage2,-6.02,-1,-4,-1,-4.7,-3.7,-1.1,2.2,9.7,1401.3,Healthcare - Hospitals,Small Cap,
PSPPROJECT,TFStage2,-20.24,-5,-13,-1,-13.0,-14.7,-9.7,-6.7,8.0,911.6,Infra - Construction,Small Cap,
GANDHAR,TFStage2,-19.72,-3,-13,0,-5.9,-13.8,9.0,23.9,28.1,243.38,Petro - Lubricants,Small Cap,
NDRAUTO,TFStage2,-32.4,-5,-4,-2,-4.6,-10.6,-2.3,-2.8,2.1,802.1,Auto - OEM Suppliers,Small Cap,
SANSTAR,TFStage2,-21.09,-7,-8,-1,-7.8,-13.2,-11.1,-6.3,14.4,108.5,,,
GALAPREC,TFStage2,-19.76,-5,-13,-1,-13.1,-16.9,-9.4,-6.9,11.4,1011.0,,,
UTLSOLAR,TFStage2,,0,4,0,5.0,9.0,15.8,11.3,30.9,425.0,,,
RAYMONDREL,TFStage2,-21.91,-5,-7,-1,-17.0,-18.0,-10.8,-13.6,5.3,573.85,,,
PGHL,TFStage2,-15.26,-5,-13,-1,-13.0,-13.6,-9.1,-8.1,1.9,5910.5,Healthcare - Pharma,Small Cap,
AMNPLST,TFStage2,-20.8,-5,-7,-1,-2.6,-4.6,-0.4,0.8,3.6,198.0,Chemicals - Specialty,Small Cap,
ORCHPHARMA,TFStage2,-7.84,-3,-3,0,-4.7,-0.5,5.8,5.1,17.1,1044.2,Healthcare - Pharma,Small Cap,
CAPLIPOINT,TFStage2,-8.09,-4,-13,-1,-5.7,-5.1,-6.5,-1.9,21.0,2480.7,Healthcare - Pharma,Small Cap,
PANAMAPET,TFStage2,-19.66,-1,-2,0,-10.5,-4.6,10.6,5.5,22.6,481.7,Petro - Lubricants,Small Cap,
BIOCON,TFStage2,-7.0,-3,-6,-2,-4.7,-5.6,-3.6,-1.5,0.8,415.85,Healthcare - Biotech,Mid Cap,
UDS,TFStage2,-20.44,-1,-6,0,-0.1,0.3,3.6,4.4,14.7,210.58,Human Resources,Small Cap,
SFL,TFStage2,-16.39,-1,-8,-1,-11.8,-11.2,-11.2,-5.7,13.9,696.0,Infra - Home Furnish,Small Cap,
SUDEEPPHRM,TFStage2,,0,-1,0,1.4,17.9,28.1,27.5,41.4,1129.0,,,
RPEL,TFStage2,-0.34,1,0,0,8.3,10.2,19.3,16.4,33.6,1454.0,,,
ESAFSFB,TFStage2,-10.92,-2,-6,-1,-7.0,-6.3,-6.3,3.7,18.2,39.42,Financials - Private Bank,Small Cap,
VERANDA,TFStage2,-10.28,-1,-9,-1,-5.7,-6.3,-5.6,1.6,6.1,244.5,IT - Services,Small Cap,
AEGISLOG,TFStage2,-14.59,-1,-5,-1,-9.2,-6.7,-0.1,-0.2,22.3,1279.2,Utility - Gas,Small Cap,
CENTENKA,TFStage2,-13.28,-1,-8,-1,-6.7,-5.3,-4.6,1.0,10.2,582.45,Textile - Misc,Small Cap,
RANEHOLDIN,TFStage2,-6.94,-4,-8,0,-5.7,-1.7,0.8,1.4,12.7,1763.0,Auto - Misc,Small Cap,
HONAUT,TFStage2,-11.39,-6,-12,-1,-7.6,-7.1,-7.7,-1.2,6.7,36770.0,Electronic - Equipment,Small Cap,
GIPCL,TFStage2,-13.04,8,-1,1,0.7,3.4,3.4,10.5,11.5,175.7,Power - Misc,Small Cap,
TASTYBITE,TFStage2,-9.7,-1,-7,-1,-3.7,-2.9,-1.3,1.3,10.0,9120.0,Consumption - FMCG,Small Cap,
ELECTHERM,TFStage2,-20.24,-5,-13,-1,-1.0,-16.9,-9.8,-6.6,14.5,1018.5,Metals - Iron & Steel,Small Cap,
FAZE3Q,TFStage2,-23.54,-6,-3,-2,-15.4,-20.2,-17.0,-14.6,8.0,497.05,Textiles - Processing,Small Cap,
TINNARUBR,TFStage2,-17.22,-1,-13,-1,-3.9,-3.2,-1.8,2.3,17.6,1094.4,Rubber,Small Cap,
KDDL,TFStage2,-5.18,0,-1,0,0.8,2.5,19.3,15.1,31.9,3940.3,Consumption - Jewelry,Small Cap,
VAIBHAVGBL,TFStage2,-20.92,-1,-7,-1,-14.2,-13.1,-12.9,-8.3,3.7,231.9,Consumption - Jewelry,Small Cap,
INDNIPPON,TFStage2,-11.04,-3,-7,-1,-5.7,-7.0,-2.8,2.8,14.5,1137.1,Auto - OEM Suppliers,Small Cap,
DATAMATICS,TFStage2,-17.0,-5,-7,0,1.1,-2.8,5.1,3.4,9.0,874.85,IT - Services,Small Cap,
IMPAL,TFStage2,-12.91,-4,-13,-1,-3.5,-6.0,-2.6,-0.4,2.3,1079.0,Auto - Misc,Small Cap,
TATATECH,TFStage2,-3.25,-1,-4,0,-1.4,-1.2,15.3,11.3,25.2,862.0,IT - Software/Consulting,Mid Cap,
VARROC,TFStage2,-1.92,0,2,0,0.6,4.6,24.9,20.5,37.8,848.3,Auto - OEM Suppliers,Small Cap,
THANGAMAYL,TFStage2,-29.21,-2,-13,-1,-27.6,-24.8,-18.4,-16.1,15.4,5260.0,Consumption - Jewelry,Small Cap,
JSWCEMENT,TFStage2,-20.01,-4,-4,-1,-3.4,-7.3,-3.9,-3.7,1.6,129.7,,,
LENSKART,TFStage2,,0,0,0,0.4,6.7,8.3,8.7,15.5,607.8,,,
JSWINFRA,TFStage2,-4.58,-3,-1,0,-1.8,-0.8,4.9,4.1,11.3,339.5,Infra - Construction,Mid Cap,
DIVGIITTS,TFStage2,-1.78,0,1,0,3.4,20.8,23.3,29.1,41.1,1265.1,Auto - Misc,Small Cap,
INDIGOPNTS,TFStage2,-14.63,-1,-4,0,0.2,2.5,3.3,5.5,14.2,1149.0,Consumption - Paints,Small Cap,
WEWORK,TFStage2,,-1,-4,-1,-6.4,-6.1,-4.6,-0.4,8.6,709.4,,,
SHRINGARMS,TFStage2,-14.36,-1,-2,-5,-3.0,-2.2,-2.5,1.0,5.4,228.24,,,
KIRLOSIND,TFStage2,-17.59,-5,-7,-1,-5.2,-8.8,-4.7,-1.7,11.9,3770.0,Power - Green,Small Cap,
LMW,TFStage2,-0.73,6,-1,0,2.5,11.7,15.9,15.1,18.9,18721.0,Engineering,Small Cap,
NELCO,TFStage2,-1.96,0,0,0,3.8,2.9,3.8,9.8,24.3,1054.0,IT - Equipments,Small Cap,
JINDWORLD,TFStage2,-16.16,-1,-8,-1,-11.4,-8.7,-7.3,-0.4,13.4,35.55,Textile - Misc,Small Cap,
GAIL,TFStage2,-7.08,-1,-9,-1,-2.4,-4.6,-4.3,1.0,2.1,173.64,Utility - Gas,Large Cap,
MPSLTD,TFStage2,-5.94,-1,-4,0,-3.7,-4.4,3.9,6.7,36.6,2802.0,Media - Publishing,Small Cap,
SUPRAJIT,TFStage2,-4.88,0,-5,0,0.1,1.9,5.4,5.3,13.6,531.95,Auto - OEM Suppliers,Small Cap,
BFINVEST,TFStage2,-20.87,-4,-8,-1,-3.8,-6.7,2.6,0.2,9.4,462.65,Financials - Misc,Small Cap,
RUPA,TFStage2,-28.47,-5,-5,-2,-8.4,-14.0,-9.9,-5.0,-0.9,152.24,Textile - Innerwear,Small Cap,
QUESS,TFStage2,-6.51,-1,-8,-1,-4.1,-2.7,-1.7,7.7,25.8,326.75,Human Resources,Small Cap,
DIAMONDYD,TFStage2,-5.28,-1,-4,-1,-3.3,-3.9,1.3,1.5,7.0,1179.3,Consumption - FMCG,Small Cap,
SPECTRUM,TFStage2,-15.18,-1,-6,-1,-12.6,-8.4,-5.3,2.7,22.9,2236.9,IT - Equipments,Small Cap,
PGINVIT,TFStage2,-2.13,-2,-11,0,-1.9,-0.9,0.4,2.6,5.0,99.83,Financials - Misc,Small Cap,
AETHER,TFStage2,-1.28,0,-2,0,-0.1,2.0,5.5,7.1,23.9,1624.0,Chemicals - Specialty,Small Cap,
BLUEJET,TFStage2,-22.18,-1,-9,-1,-4.8,-6.6,-5.6,3.6,14.4,591.05,Healthcare - Pharma,Small Cap,
INDORAMA,TFStage2,-24.08,-1,-7,0,-10.9,-4.2,3.5,11.7,24.5,56.94,Textiles - Polyester,Small Cap,
TEXINFRA,TFStage2,-6.26,-1,-11,-1,-3.8,-3.4,-3.0,2.8,9.4,110.61,Railways,Small Cap,
GUFICBIO,TFStage2,-4.23,0,-3,0,-0.9,1.8,5.3,8.8,17.1,429.05,Healthcare - Pharma,Small Cap,
CREST,TFStage2,-12.49,-8,-8,-1,-6.0,-9.0,-6.0,-2.6,1.6,365.8,Financials - NBFC,Small Cap,
SSWL,TFStage2,-4.6,-1,-9,-1,-2.7,-4.6,0.9,10.8,30.1,313.3,Auto - Replacement,Small Cap,
TTKPRESTIG,TFStage2,-22.58,-3,-13,-1,-13.1,-12.1,-6.9,-6.7,8.8,597.1,Consumption - Appliances,Small Cap,
RAJRATAN,TFStage2,-7.68,-1,-7,0,-4.4,-0.8,5.2,2.8,15.5,520.65,Auto - OEM Suppliers,Small Cap,
VADILALIND,TFStage2,-7.81,0,-1,0,-0.8,7.9,7.9,10.9,31.4,7787.5,Consumption - Dairy,Small Cap,
VIMTALABS,TFStage2,-30.49,-1,-6,0,-3.8,-3.7,3.0,3.2,15.4,627.4,Healthcare - Pharma,Small Cap,
FILATEX,TFStage2,-3.45,-1,-4,0,-1.3,-0.7,12.5,11.1,49.6,82.74,Textiles - Polyester,Small Cap,
OPTIEMUS,TFStage2,-23.21,-1,-9,-1,-15.6,-14.6,-14.1,-3.3,12.9,547.5,Telecom,Small Cap,
EVEREADY,TFStage2,-25.38,-7,-4,-2,-1.6,-4.1,-3.5,3.2,7.0,354.6,Batteries,Small Cap,
RAMCOIND,TFStage2,-10.34,-5,-4,0,-4.6,-3.0,5.0,5.7,11.2,356.9,Infra - Cement,Small Cap,
COFORGE,TFStage2,-8.55,0,-1,0,-0.1,2.4,5.7,9.8,23.3,1819.5,IT - Software/Consulting,Mid Cap,
SHOPERSTOP,TFStage2,-25.07,0,-2,0,0.3,2.0,10.0,9.1,20.1,428.6,Consumption - Retail,Small Cap,
MSTCLTD,TFStage2,-21.04,-5,-9,-2,-4.9,-19.1,-17.2,-9.2,14.9,587.35,IT - Product/Platform,Small Cap,
AEQUS,TFStage2,,4,0,0,3.7,3.4,9.0,10.4,19.4,257.29,,,
TBZ,TFStage2,-17.35,-1,-13,-1,-14.2,-11.9,-11.6,-5.0,21.2,244.4,Consumption - Jewelry,Small Cap,
PTCIL,TFStage2,-4.3,-1,-3,0,-1.5,-0.4,5.3,4.5,9.5,18997.0,Metals - Casting/Forging,Small Cap,
VIDYAWIRES,TFStage2,,-7,-3,-2,-11.2,-20.7,-20.7,-10.1,8.8,87.15,,,
GREENLAM,TFStage2,-8.55,-1,-4,-2,-6.4,-6.9,-1.3,0.9,7.3,254.8,Infra - Laminates,Small Cap,
BETA,TFStage2,-10.21,0,-2,0,-5.1,6.2,13.0,8.8,31.3,2521.3,Healthcare - Pharma,Small Cap,
HARIOMPIPE,TFStage2,-37.26,-7,-7,-1,-11.6,-16.5,-11.4,-9.8,3.3,359.0,Metals - Pipe & Tube,Small Cap,
LIKHITHA,TFStage2,-17.64,-6,-2,-1,-5.5,-17.2,-15.8,-6.8,6.7,224.03,Infra - Construction,Small Cap,
IKIO,TFStage2,-16.23,-4,-1,0,-2.5,-5.0,4.1,11.8,23.7,208.48,Consumption - Electronics,Small Cap,
SETL,TFStage2,-3.42,3,-2,0,-0.7,1.7,9.7,8.1,35.4,296.5,,,
SMARTWORKS,TFStage2,-20.22,6,-1,1,0.7,0.9,1.6,5.1,6.6,493.85,,,
STYL,TFStage2,-5.65,0,-1,0,-1.2,1.2,19.2,10.7,34.6,412.75,,,
PARKHOSPS,TFStage2,,-1,-9,-1,-3.4,-5.5,-7.3,1.0,9.9,282.65,,,
CORONA,TFStage2,,-1,-9,-1,-0.4,-2.1,3.5,6.3,13.9,2163.4,,,
NEPHROPLUS,TFStage2,,-8,-2,0,-1.6,-7.8,2.3,5.3,9.3,702.0,,,
FOSECOIND,TFStage2,-20.89,-1,-3,0,-2.8,-1.5,1.0,3.6,6.6,5416.0,Chemicals - Specialty,Small Cap,
INGERRAND,TFStage2,-0.82,6,0,1,6.5,1.4,5.1,10.8,11.2,4729.8,Industrial - Pumps/Engines,Small Cap,
NIITLTD,TFStage2,-18.51,-5,-6,-2,-3.7,-9.7,-5.7,-2.5,22.9,94.86,IT - Education,Small Cap,
GABRIEL,TFStage2,-8.54,-1,-7,-1,-6.6,-2.4,1.5,7.2,20.3,1463.4,Auto - Replacement,Small Cap,
IFBIND,TFStage2,-31.98,-1,-6,0,-4.9,-2.2,4.4,2.0,8.2,1373.9,Consumption - Appliances,Small Cap,
UNICHEMLAB,TFStage2,-21.37,-5,-2,0,-4.2,-15.4,5.2,7.3,17.6,540.35,Healthcare - Pharma,Small Cap,
GARFIBRES,TFStage2,-12.33,-1,-5,-1,-8.7,-6.8,-1.3,3.3,6.2,756.95,Textile - Misc,Small Cap,
ROTO,TFStage2,-22.51,-7,-10,-1,-4.0,-10.9,-9.1,-1.1,8.0,66.28,Industrial - Pumps/Engines,Small Cap,
HLEGLAS,TFStage2,-50.22,-1,-4,-1,-30.1,-29.4,-22.4,-20.3,-2.8,329.55,Engineering,Small Cap,
IIFL,TFStage2,-6.52,0,-1,0,0.1,3.1,3.7,6.8,21.3,631.0,Financials - NBFC,Small Cap,
DCBBANK,TFStage2,-9.79,-2,-12,-3,-4.5,-3.8,-0.5,-0.1,4.2,185.75,Financials - Private Bank,Small Cap,
KARURVYSYA,TFStage2,-4.87,-1,-8,-1,-3.4,-2.6,-2.3,6.6,9.8,334.65,Financials - Private Bank,Small Cap,
CONCORDBIO,TFStage2,-16.38,0,-8,0,-0.2,0.2,1.8,6.1,15.4,1446.7,Healthcare - Pharma,Small Cap,
CREDITACC,TFStage2,-4.41,-1,-10,-1,-2.8,-2.5,-1.9,4.1,8.4,1562.0,Financials - MFI,Small Cap,
CARERATING,TFStage2,-6.25,-1,-6,0,-1.7,-1.5,0.8,2.1,4.2,1723.1,Financials - Ratings,Small Cap,
AIIL,TFStage2,-15.7,-1,-5,0,-3.4,-3.5,6.8,5.2,11.7,575.75,,,
IDFCFIRSTB,TFStage2,-3.02,-2,-1,0,-0.1,-0.3,1.7,7.4,11.1,86.08,Financials - Private Bank,Mid Cap,
CNL,TFStage2,-1.87,0,-1,0,0.5,9.0,22.6,20.4,58.4,1217.75,Textile - Apparels,Small Cap,
EPACKPEB,TFStage2,,-7,-10,-1,-12.6,-13.0,-12.2,12.9,15.2,234.7,,,
NPST,TFStage2,-25.61,-5,-1,0,2.4,-8.0,1.5,6.4,27.8,1643.0,IT - Software/Consulting,Small Cap,
KSHINTL,TFStage2,,0,0,0,0.2,12.7,16.0,16.3,29.9,1013.95,,,
TITAN,TFStage2,-1.76,0,-2,0,-0.8,2.7,4.1,5.7,14.5,5076.8,Consumption - Jewelry,Large Cap,
AGI,TFStage2,-24.47,-7,-12,-1,-1.7,-3.8,-0.0,1.7,7.2,709.2,Packaging,Small Cap,
HMT,TFStage2,-19.96,-6,-10,-1,-5.0,-16.0,-14.0,0.9,-0.2,58.39,Engineering,Small Cap,
ORIENTHOT,TFStage2,-16.32,-5,-12,-1,-8.6,-11.2,-11.6,4.2,15.1,125.1,Leisure - Hotels,Small Cap,
RELTD,TFStage2,-15.04,-4,-12,-1,-4.6,-6.0,-0.6,4.6,17.8,166.9,,,
EICHERMOT,TFStage2,-1.57,0,0,0,0.4,1.0,1.1,3.8,10.6,8100.5,Auto - 2W,Large Cap,
WENDT,TFStage2,-22.35,-2,-12,-1,-3.6,-3.3,-4.3,2.8,4.6,8029.5,Engineering,Small Cap,
FMGOETZE,TFStage2,-17.56,-1,-4,-3,-3.9,-3.3,-0.4,2.2,5.2,476.0,Auto - Replacement,Small Cap,
STYRENIX,TFStage2,-19.93,-1,-7,-1,-13.7,-12.9,-11.9,-6.0,0.6,2181.7,Chemicals - Specialty,Small Cap,
PCBL,TFStage2,-25.88,-1,-12,-1,-8.6,-2.0,-1.8,0.8,7.6,315.7,Chemicals - Bulk,Small Cap,
IGARASHI,TFStage2,-18.99,-5,-6,-1,-7.0,-9.6,-2.8,-0.4,5.0,452.05,Auto - OEM Suppliers,Small Cap,
JAMNAAUTO,TFStage2,-17.37,-1,-5,-5,-13.2,-12.9,-14.5,-4.8,0.5,126.1,Auto - Replacement,Small Cap,
AARTIIND,TFStage2,-3.38,0,-1,2,-2.4,4.2,3.1,6.5,11.0,523.4,Chemicals - Specialty,Small Cap,
RELAXO,TFStage2,-22.94,-3,-5,-1,-4.9,-9.6,-0.7,4.9,7.9,405.35,Consumption - Footwear,Small Cap,
SHILCTECH,TFStage2,,-7,-3,-3,-16.6,-17.7,-24.6,-8.1,0.7,3890.7,,,
ATULAUTO,TFStage2,-15.87,-1,-6,-1,-13.6,-13.0,-2.6,2.2,3.3,501.85,Auto - CV,Small Cap,
GOKEX,TFStage2,-18.06,-6,-13,-2,-6.1,-8.9,-10.4,0.4,7.1,782.45,Textile - Apparels,Small Cap,
REDINGTON,TFStage2,-6.17,-1,-2,0,-4.1,-3.6,6.3,9.9,26.9,342.0,IT - Services,Small Cap,
PRESTIGE,TFStage2,-10.62,-5,-12,-1,-4.1,-6.9,-0.2,4.4,14.3,1613.4,Real Estate,Mid Cap,
ENDURANCE,TFStage2,-5.01,0,-1,0,-2.8,0.7,6.1,5.7,10.8,2925.7,Auto - OEM Suppliers,Mid Cap,
TARSONS,TFStage2,-6.69,-1,-6,-1,-5.1,-1.7,-0.7,2.4,20.5,312.5,Healthcare - Equipments,Small Cap,
NIACL,TFStage2,-18.07,-7,-7,1,-1.7,-13.1,0.3,7.0,5.0,178.6,Financials - Non-Life,Small Cap,
HAL,TFStage2,-2.14,0,-1,0,-0.7,0.7,6.5,6.0,12.7,4946.7,Defense - Misc,Large Cap,
AADHARHFC,TFStage2,-10.95,-5,-5,-2,-1.7,-10.5,-2.8,-3.1,3.2,501.35,,,
INDIGO,TFStage2,-10.47,-7,-7,-2,-1.6,-1.9,-0.4,7.6,8.1,5345.0,Transport - Logistics,Large Cap,
TRAVELFOOD,TFStage2,-6.91,-1,-4,0,-3.2,-4.2,3.5,2.7,7.0,1369.3,,,
PARADEEP,TFStage2,-36.15,-1,-11,-1,-5.1,-1.3,0.1,1.6,8.5,147.49,Agrichem - Fertilizers,Small Cap,
IFGLEXPOR,TFStage2,-35.48,-4,-4,0,-5.0,-5.6,4.6,10.7,14.4,218.08,Metals - Casting/Forging,Small Cap,
SUYOG,TFStage2,-10.27,-5,-12,-1,-6.4,-6.6,-4.6,1.8,9.0,826.55,,,
WINDLAS,TFStage2,-7.34,0,0,0,3.2,7.8,10.8,17.8,17.8,952.1,Healthcare - Biotech,Small Cap,
PDSL,TFStage2,-11.3,0,-3,0,-2.2,0.3,1.3,7.0,18.3,371.2,Textile - Misc,Small Cap,
CARTRADE,TFStage2,-15.82,-4,-12,0,-6.8,-2.8,1.9,3.5,36.5,2770.0,IT - Product/Platform,Small Cap,
BLUESTONE,TFStage2,-4.7,0,-1,0,-1.0,7.2,8.1,13.8,47.0,882.45,,,
ASKAUTOLTD,TFStage2,-6.01,-1,-6,0,-1.7,1.8,22.4,18.1,38.4,646.35,Auto - OEM Suppliers,Small Cap,
DYCL,TFStage2,-3.79,1,-1,0,-0.1,12.3,18.6,16.3,25.9,456.05,Power - Wiring,Small Cap,
PPL,TFStage2,-22.93,-6,-13,-2,-4.2,-8.6,-19.3,4.8,12.3,261.0,Infra - Plastic Pipes,Small Cap,
FAIRCHEMOR,TFStage2,-15.48,-2,-12,-1,-14.5,-12.0,-12.0,0.5,5.4,715.7,Chemicals - Specialty,Small Cap,
EMIL,TFStage2,-1.64,0,-2,0,0.4,16.7,48.7,38.2,59.5,193.51,Consumption - Retail,Small Cap,
TBOTEK,TFStage2,-6.89,0,-6,0,-0.1,2.0,7.3,7.2,18.7,1643.2,,,
EIEL,TFStage2,-26.36,-5,-7,-1,-9.5,-16.8,-9.5,-6.4,2.7,203.33,,,
AEGISVOPAK,TFStage2,-12.32,-2,-8,-1,-9.0,-7.3,-5.9,-1.2,15.2,273.1,,,
THELEELA,TFStage2,-3.4,-1,-4,0,-1.5,-1.7,2.9,3.0,10.3,509.1,,,
EUROPRATIK,TFStage2,-27.42,-1,-4,-1,-11.0,-9.9,-7.2,-5.8,8.1,283.05,,,
SKFINDUS,TFStage2,,-6,-9,-1,-2.4,-8.0,-7.1,4.1,13.3,2700.0,,,
MEESHO,TFStage2,,-5,-1,-3,-0.5,-0.7,-0.2,3.5,18.7,192.73,,,
CIPLA,TFStage2,-12.24,-1,-11,-1,-0.3,-0.5,-0.3,2.4,3.8,1468.2,Healthcare - Pharma,Large Cap,
SUNDRMFAST,TFStage2,-0.42,0,0,0,1.4,13.5,28.1,24.4,36.6,1238.1,Auto - OEM Suppliers,Small Cap,
MANGLMCEM,TFStage2,-11.78,-3,-13,-1,-8.5,-8.8,-5.0,-5.0,4.3,902.85,Infra - Cement,Small Cap,
TCPLPACK,TFStage2,-4.99,1,-1,0,-2.7,27.8,32.9,33.9,44.3,4190.8,Packaging,Small Cap,
KABRAEXTRU,TFStage2,-4.21,0,-4,0,-1.1,11.8,37.4,28.1,78.7,501.75,Electronic - Equipment,Small Cap,
HIKAL,TFStage2,-22.32,-5,-6,-1,-5.0,-10.3,-1.0,-1.0,11.2,219.6,Healthcare - Pharma,Small Cap,
POLYMED,TFStage2,-16.29,1,-2,0,-4.3,1.1,6.2,6.1,13.7,1795.4,Healthcare - Equipments,Small Cap,
ICICIBANK,TFStage2,-4.65,-3,-6,-1,-3.1,-2.3,-1.7,0.6,4.2,1411.2,Financials - Private Bank,Large Cap,
CUB,TFStage2,-13.85,-5,-13,1,-8.6,-7.8,-0.8,-0.4,7.0,211.4,Financials - Private Bank,Small Cap,
POKARNA,TFStage2,-16.07,-7,-4,-2,-4.2,-11.4,-7.3,1.0,6.7,962.0,Infra - Granites/Marbles,Small Cap,
TATACAP,TFStage2,,-1,-5,-2,-4.5,-2.1,-0.9,2.5,5.1,362.5,,,
GNA,TFStage2,-9.08,-3,-1,0,-0.0,-3.8,3.1,4.6,20.9,547.0,Auto - OEM Suppliers,Small Cap,
MAXHEALTH,TFStage2,-18.47,-5,-10,-1,-11.1,-13.7,-12.2,-6.5,-2.7,996.2,Healthcare - Hospitals,Large Cap,
LTF,TFStage2,-8.24,-5,-7,-1,-3.4,-5.8,-0.6,3.4,9.6,310.7,Financials - NBFC,Mid Cap,
5PAISA,TFStage2,-5.24,-6,-1,1,-0.6,-0.2,8.7,6.4,12.3,386.95,Financials - Broking,Small Cap,
HOMEFIRST,TFStage2,-11.19,-4,-13,-3,-1.9,-5.8,-1.7,-1.5,5.7,1170.2,Financials - Housing,Small Cap,
FUSION,TFStage2,-17.05,-5,-13,-1,-8.9,-14.1,-3.0,2.7,3.8,201.58,Financials - MFI,Small Cap,
LANDMARK,TFStage2,-21.0,-3,-2,-1,-7.8,-4.8,-3.2,0.5,16.9,523.6,Auto - Misc,Small Cap,
FIVESTAR,TFStage2,-18.97,-4,-12,-1,-4.4,-3.2,-1.5,2.6,8.4,539.65,Financials - NBFC,Small Cap,
DDEVPLSTIK,TFStage2,-20.39,-3,-5,0,-4.7,-0.7,-2.2,2.3,8.1,286.6,,,
RKSWAMY,TFStage2,-41.07,-5,-3,-1,-9.4,-9.1,-8.3,-4.4,0.9,96.58,IT - Software/Consulting,Small Cap,
IVALUE,TFStage2,-17.35,-5,-13,0,-3.7,-8.2,2.5,0.9,12.1,281.0,,,
SAMBHV,TFStage2,-16.88,-1,-7,-1,-5.7,-3.8,-2.2,1.7,4.9,117.46,,,
PWL,TFStage2,,-5,-5,-1,-8.8,-19.9,-5.5,-3.6,8.3,118.05,,,
INDIAGLYCO,TFStage2,-13.85,-3,-13,-1,-10.7,-10.4,-8.2,-2.2,2.0,1052.8,Chemicals - Bulk,Small Cap,
SHREECEM,TFStage2,-18.75,-2,-7,-1,-7.6,-7.3,-5.3,-5.1,0.2,24985.0,Infra - Cement,Mid Cap,
INDIANHUME,TFStage2,-14.27,-3,-8,-1,-8.7,-7.0,-4.2,-3.3,7.4,370.35,Engineering,Small Cap,
HUHTAMAKI,TFStage2,-16.27,-2,-13,-1,-12.9,-13.7,-7.5,11.6,27.8,276.3,Packaging,Small Cap,
GANECOS,TFStage2,-23.93,-2,-13,-1,-12.6,-12.4,-10.3,-1.7,6.3,1062.0,Textile - Misc,Small Cap,
SUBROS,TFStage2,-37.71,-5,-7,-1,-9.2,-11.7,-11.3,-1.8,-0.5,756.0,Auto - Replacement,Small Cap,
3MINDIA,TFStage2,-4.19,0,-2,4,0.8,1.1,-2.9,2.8,8.3,36435.0,Others,Mid Cap,
EIMCOELECO,TFStage2,-18.48,4,0,0,3.9,2.7,8.9,9.9,12.5,1940.1,Engineering,Small Cap,
POONAWALLA,TFStage2,-11.64,2,-1,0,2.3,3.1,8.7,6.9,16.2,504.0,Financials - NBFC,Mid Cap,
AARTIDRUGS,TFStage2,-20.28,0,-2,0,-2.1,0.5,0.8,3.1,9.6,426.15,Healthcare - Pharma,Small Cap,
PICCADIL,TFStage2,-18.44,-3,-7,-1,-15.1,-12.5,-8.2,-0.8,6.0,660.4,,,
MAHLIFE,TFStage2,-9.79,-1,-8,-1,-3.4,-2.5,-1.9,1.4,6.6,385.25,Real Estate,Small Cap,
TAJGVK,TFStage2,-32.7,-5,-7,-1,-6.4,-7.2,-5.0,-0.6,0.6,345.0,Leisure - Hotels,Small Cap,
UNITDSPR,TFStage2,-2.16,-2,-3,-1,-1.4,-1.1,-0.0,4.2,10.2,1515.2,Beverages - Alcohol,Mid Cap,
CENTURYPLY,TFStage2,-11.12,-2,-9,-1,-4.9,-5.5,-4.5,-1.7,1.0,763.45,Infra - Laminates,Small Cap,
KKCL,TFStage2,-13.17,0,-7,4,-5.9,0.6,1.9,3.8,7.3,516.65,Textile - Apparels,Small Cap,
PAUSHAKLTD,TFStage2,,0,-1,0,0.8,4.6,17.4,15.5,41.4,739.2,,,
DLF,TFStage2,-16.26,-5,-12,-1,-0.4,-2.9,1.0,5.9,7.3,665.6,Real Estate,Large Cap,
OMAXE,TFStage2,-7.6,3,-1,0,7.8,7.3,17.2,24.2,24.2,100.36,Real Estate,Small Cap,
RGL,TFStage2,-19.55,-1,-6,0,-4.1,-3.4,0.4,4.4,11.3,118.99,Consumption - Jewelry,Small Cap,
SAKSOFT,TFStage2,-25.32,-5,-5,-1,-5.5,-6.8,-20.4,14.6,6.3,167.84,IT - Software/Consulting,Small Cap,
RECLTD,TFStage2,-13.43,-1,-11,-1,-9.6,-9.6,-9.4,-6.5,-2.2,338.05,Financials - NBFC,Mid Cap,
CHALET,TFStage2,-23.34,-3,-6,0,-4.4,-5.1,-4.2,0.1,2.4,820.3,Leisure - Hotels,Small Cap,
GALAXYSURF,TFStage2,0.0,0,2,1,20.3,21.4,27.8,26.3,31.4,2508.4,Chemicals - Specialty,Small Cap,
GODREJPROP,TFStage2,-14.62,-5,-12,-1,-7.0,-5.9,-4.6,2.6,6.4,2008.2,Real Estate,Mid Cap,
HCG,TFStage2,-10.04,0,-1,0,-1.3,5.8,7.9,8.2,14.8,723.9,Healthcare - Hospitals,Small Cap,
SMCGLOBAL,TFStage2,-16.91,-1,-10,-1,-2.4,-3.7,-2.4,1.5,11.3,78.85,Financials - Broking,Small Cap,
SANATHAN,TFStage2,-13.79,-2,-2,-1,-3.3,-2.0,2.5,1.7,7.0,475.85,,,
CANHLIFE,TFStage2,,-1,-8,0,-1.0,-1.8,2.0,3.0,4.0,149.46,,,
LODHA,TFStage2,-7.84,-1,-12,-1,-5.1,-0.7,-0.4,4.8,21.9,1239.5,Real Estate,Large Cap,
TATVA,TFStage2,-7.61,-1,-9,-1,-5.5,-7.0,-5.0,5.1,26.4,1698.3,Chemicals - Specialty,Small Cap,
ETHOSLTD,TFStage2,-13.78,0,-9,0,-4.3,0.6,8.7,5.3,12.8,2798.5,Consumption - Jewelry,Small Cap,
APLLTD,TFStage2,-17.31,-4,-1,-1,-1.9,-1.8,-2.1,2.4,8.9,825.2,Healthcare - Pharma,Small Cap,
TSFINV,TFStage2,-40.29,-5,-7,-1,-9.0,-11.9,-7.4,-5.2,2.0,418.85,,,
360ONE,TFStage2,-4.4,0,-6,0,-0.6,1.2,4.1,3.7,8.0,1181.8,Financials - Misc,Mid Cap,
THEJO,TFStage2,-8.63,-1,-3,-1,-5.5,-6.1,-0.9,7.6,12.8,2089.3,Engineering,Small Cap,
ETERNAL,TFStage2,-12.13,0,1,0,2.3,2.8,7.0,8.1,20.2,323.75,IT - Product/Platform,Large Cap,
IMAGICAA,TFStage2,-20.1,-1,-4,-1,-8.5,-9.3,-5.9,1.1,2.4,47.3,Leisure - Misc,Small Cap,
GULFOILLUB,TFStage2,-12.97,-1,-5,0,-3.8,-2.8,3.8,6.4,13.4,1156.6,Petro - Lubricants,Small Cap,
CCAVENUE,TFStage2,-23.76,-5,-8,-1,-10.3,-13.6,-6.1,-6.1,4.9,15.63,IT - Product/Platform,Small Cap,
UJJIVANSFB,TFStage2,-1.05,-1,-9,-1,0.7,-0.5,1.1,4.2,18.8,72.52,Financials - Private Bank,Small Cap,
MOTISONS,TFStage2,-24.01,7,11,4,6.2,0.3,0.2,23.8,15.0,15.54,Consumption - Jewelry,Small Cap,
EMSLIMITED,TFStage2,-38.22,-5,-9,-1,-11.2,-19.9,-11.2,-11.3,5.7,366.9,Others,Small Cap,
ARKADE,TFStage2,-26.84,-1,-9,-1,-2.7,-3.3,-2.3,0.8,10.4,137.73,,,
DALMIASUG,TFStage2,-3.97,0,-1,3,0.5,4.9,3.5,14.2,32.7,424.2,Agri - Sugar,Small Cap,
IDBI,TFStage2,-30.22,-3,-13,-5,-3.2,-5.1,-28.8,-0.1,4.0,82.61,Financials - Private Bank,Large Cap,
UFLEX,TFStage2,-15.99,0,-2,0,-0.9,1.1,2.6,4.0,11.2,494.0,Packaging,Small Cap,
TIL,TFStage2,-35.76,-1,-11,-1,-8.3,-6.3,-5.3,6.2,10.4,238.95,Engineering,Small Cap,
ALGOQUANT,TFStage2,,-2,-8,-1,-4.7,-4.8,-3.4,4.7,10.5,66.08,,,
PUNJABCHEM,TFStage2,-28.93,-2,-11,-4,-7.8,-9.6,-7.9,-2.5,4.2,1090.2,Agrichem - Protection,Small Cap,
GRPLTD,TFStage2,-15.39,-1,-10,-1,-4.7,-4.9,-4.8,4.9,5.2,1997.2,Industrial - Consumables,Small Cap,
JINDRILL,TFStage2,-14.38,-1,-4,-1,-5.2,-6.7,-3.6,-1.2,2.8,593.75,Oil and Gas,Small Cap,
63MOONS,TFStage2,-21.33,-1,-9,-1,-13.8,-15.8,-14.9,3.7,10.0,792.8,IT - Software/Consulting,Small Cap,
STERTOOLS,TFStage2,-39.22,-2,-6,-1,-13.9,-12.7,-12.7,-3.1,-3.0,220.0,Auto - OEM Suppliers,Small Cap,
SONATSOFTW,TFStage2,-23.62,-1,-7,-1,-7.3,-0.6,2.8,7.7,14.2,321.95,IT - Software/Consulting,Small Cap,
TVSMOTOR,TFStage2,-3.87,-1,-4,-1,-3.3,-3.1,2.2,11.4,17.6,4302.0,Auto - 2W,Large Cap,
BHARTIARTL,TFStage2,-10.6,-1,-7,-1,-2.6,-2.2,-1.4,1.3,3.3,1944.0,Telecom,Large Cap,
M&MFIN,TFStage2,-3.99,-1,-4,0,-2.2,-2.4,3.3,5.6,19.6,398.45,Financials - NBFC,Mid Cap,
NAUKRI,TFStage2,-6.1,1,-2,0,-0.3,8.2,7.7,11.1,27.0,1346.1,IT - Product/Platform,Mid Cap,
KOLTEPATIL,TFStage2,-12.67,0,-2,2,-5.6,8.8,24.3,21.0,30.8,484.35,Real Estate,Small Cap,
ALKEM,TFStage2,-8.81,-1,-10,-1,-6.5,-6.3,-5.9,-3.1,-0.8,5410.5,Healthcare - Pharma,Mid Cap,
JYOTICNC,TFStage2,-21.21,0,-6,0,-3.5,2.1,1.4,7.3,12.6,831.95,,,
MAHLOG,TFStage2,-9.17,-2,-8,-1,-2.7,-2.0,-1.2,3.5,7.0,408.75,Transport - Logistics,Small Cap,
KALYANKJIL,TFStage2,-5.54,-1,-10,-1,-3.5,-0.5,0.1,5.4,39.3,613.0,Consumption - Jewelry,Small Cap,
JITFINFRA,TFStage2,-30.25,-3,-2,-5,-7.5,-11.3,-11.7,-0.2,3.4,333.4,Infra - Construction,Small Cap,
AMAGI,TFStage2,,-1,-7,-1,-7.4,-4.7,-3.5,3.5,20.7,628.15,,,
SHAREINDIA,TFStage2,-19.17,-2,-13,-1,-11.3,-13.4,-4.4,0.3,14.5,170.56,Financials - Broking,Small Cap,
SENCO,TFStage2,-18.12,-1,-12,-1,-15.6,-13.9,-12.7,-3.7,4.2,352.1,Consumption - Jewelry,Small Cap,
RPSGVENT,TFStage2,-23.73,-2,-7,-1,-6.4,-3.8,-3.8,-0.9,9.7,899.25,Tech - BPO,Small Cap,
ADVAIT,TFStage2,,-7,-8,-1,-11.2,-12.4,-9.1,-2.4,3.1,2099.4,,,
JUBLINGREA,TFStage2,-7.49,-1,-8,-1,-2.7,-0.6,-0.0,0.9,10.5,735.45,Chemicals - Specialty,Small Cap,
AJAXENGG,TFStage2,-22.44,-9,-7,-2,-6.6,-6.1,-4.7,1.8,2.5,565.0,,,
BUILDPRO,TFStage2,,-1,-6,0,-5.6,-5.2,1.9,2.6,14.1,1266.4,,,
ABREL,TFStage2,-29.14,-4,-9,-3,-3.0,-3.9,-6.3,1.5,3.7,1392.7,Paper,Small Cap,
MUKANDLTD,TFStage2,-12.62,-4,-8,-2,-5.9,-7.5,-5.2,-2.9,3.6,134.78,Metals - Iron & Steel,Small Cap,
GLAXO,TFStage2,-7.97,-1,-8,-1,-0.1,-0.4,-0.1,3.2,8.9,2653.5,Healthcare - Pharma,Mid Cap,
AUTOAXLES,TFStage2,-15.37,-3,-7,-5,-5.4,-3.2,-12.5,-0.8,0.5,1789.9,Auto - Replacement,Small Cap,
TTKHLTCARE,TFStage2,-5.58,0,0,0,1.7,5.8,12.1,9.7,20.9,1148.2,Healthcare - Pharma,Small Cap,
ASHAPURMIN,TFStage2,-33.93,-1,-6,-2,-17.1,-18.5,-18.5,-11.5,-3.2,611.05,Metals - Misc,Small Cap,
TNPL,TFStage2,-19.77,-1,-5,-3,-10.0,-10.0,-7.0,-5.9,2.6,141.0,Media - Publishing,Small Cap,
HEXT,TFStage2,-29.69,-3,-12,0,-6.8,-0.4,-19.1,4.2,7.6,567.95,,,
JKPAPER,TFStage2,-13.5,-2,-13,-1,-6.4,-5.4,-1.5,2.2,4.6,384.75,Paper,Small Cap,
ULTRACEMCO,TFStage2,-11.14,-1,-6,-5,-3.9,-3.8,-8.1,-1.3,0.8,11649.0,Infra - Cement,Large Cap,
TECHM,TFStage2,-12.12,-1,-11,-1,-1.9,-2.1,-4.9,3.7,9.4,1629.3,IT - Software/Consulting,Large Cap,
TIMETECHNO,TFStage2,-21.46,-1,-11,-1,-8.4,-7.3,-6.2,-2.8,4.8,195.68,Industrial - Consumables,Small Cap,
HGS,TFStage2,-25.51,-8,-8,-1,-4.9,-7.0,-3.8,-1.2,1.0,407.0,Tech - BPO,Small Cap,
ECLERX,TFStage2,-24.07,-4,-12,-1,-1.4,-4.2,-18.0,15.1,20.4,1896.3,IT - Software/Consulting,Small Cap,
BAJAJFINSV,TFStage2,-7.71,-1,-7,-1,-3.4,-1.2,-0.2,6.0,10.6,2025.8,Financials - Misc,Large Cap,
JUSTDIAL,TFStage2,-22.36,-4,-11,-1,-9.0,-11.1,-8.0,-0.1,14.1,682.15,IT - Product/Platform,Small Cap,
KROSS,TFStage2,-12.57,2,6,0,0.6,0.8,5.4,4.3,8.1,207.74,,,
DPABHUSHAN,TFStage2,-18.8,-1,-6,0,-9.1,-6.0,2.9,0.8,24.2,1356.1,Consumption - Jewelry,Small Cap,
SIGACHI,TFStage2,-43.53,1,-1,0,-3.0,1.7,1.8,6.6,13.4,26.39,Healthcare - Pharma,Small Cap,
DIGITIDE,TFStage2,-51.96,-5,-7,-1,-3.1,-7.0,-15.0,10.6,6.4,100.64,,,
SHADOWFAX,TFStage2,,-1,-9,-1,0.4,-1.0,3.1,12.0,21.7,250.54,,,
BASF,TFStage2,-15.16,-1,-1,2,0.1,0.2,12.3,7.8,14.1,4097.8,Chemicals - Specialty,Small Cap,
CRISIL,TFStage2,-12.95,-1,-3,0,-3.5,-3.3,-3.2,1.3,7.1,4452.7,Financials - Ratings,Mid Cap,
MRPL,TFStage2,-18.58,-4,-3,-5,-2.6,-0.9,-12.1,7.2,1.9,172.86,Petro - Refineries,Small Cap,
BAJAJHLDNG,TFStage2,-17.57,1,-9,0,-0.9,0.9,0.9,3.3,7.8,11441.0,Financials - Misc,Large Cap,
BERGEPAINT,TFStage2,-5.83,6,-1,0,0.9,1.7,7.6,7.6,11.5,559.9,Consumption - Paints,Mid Cap,
HEG,TFStage2,-1.46,0,5,0,2.1,4.0,6.6,8.4,21.6,700.85,Metals - Casting/Forging,Small Cap,
TVSHLTD,TFStage2,-12.53,-2,-5,-5,-4.6,-4.9,-5.7,-1.8,0.9,14255.0,Auto - Replacement,Small Cap,
VENKEYS,TFStage2,-15.13,-1,-7,-3,-4.1,-2.9,-3.5,3.9,10.4,1527.6,Consumption - Misc,Small Cap,
PRECWIRE,TFStage2,-2.08,5,-1,1,4.2,9.1,9.1,20.9,24.8,465.0,Metals - Copper,Small Cap,
GAEL,TFStage2,-8.37,-1,-9,-1,-5.6,-5.3,-2.0,7.4,6.0,168.62,Agri - Misc,Small Cap,
CLSEL,TFStage2,-12.96,-9,-6,-1,-5.8,-6.9,-2.8,-1.5,5.8,279.4,Agri - Rice,Small Cap,
GULPOLY,TFStage2,-16.33,-8,-5,-1,-10.4,-10.6,-1.9,-3.6,2.1,190.45,Chemicals - Bulk,Small Cap,
PVRINOX,TFStage2,-5.75,-1,-1,0,-0.5,1.9,4.1,6.3,15.3,1177.9,Media - Films,Small Cap,
PFOCUS,TFStage2,-24.66,-3,-12,-4,-8.6,-5.6,-18.0,1.0,6.7,276.5,Media - Films,Small Cap,
SHANKARA,TFStage2,-86.56,-1,-7,-1,-2.1,-1.7,1.1,1.9,10.0,140.91,Infra - Construction,Small Cap,
JSWENERGY,TFStage2,-9.65,-9,-3,-2,-2.6,-6.9,-6.9,-1.5,4.1,557.8,Power - Misc,Mid Cap,
NUVOCO,TFStage2,-30.65,-2,-13,-3,-6.8,-8.0,-5.0,0.7,1.5,331.15,Infra - Cement,Small Cap,
CRAMC,TFStage2,,-1,-7,-1,-3.2,-1.7,-0.9,5.9,6.0,257.65,,,
ARFIN,TFStage2,-21.37,-8,-13,-3,-8.5,-15.6,-11.8,-4.8,5.8,83.5,,,
PDMJEPAPER,TFStage2,-34.15,-1,-4,-1,-9.0,-8.3,-5.6,-1.8,3.4,89.55,Paper,Small Cap,
ICEMAKE,TFStage2,-15.42,-2,-13,-3,-11.0,-11.4,-6.8,-2.9,6.3,778.1,Transport - Logistics,Small Cap,
SAMHI,TFStage2,-25.5,-2,-10,-1,-10.0,-11.1,-11.1,-3.6,2.4,165.38,Leisure - Hotels,Small Cap,
ENTERO,TFStage2,-0.48,0,0,3,1.4,15.5,15.5,17.9,21.4,1460.7,,,
PNGJL,TFStage2,-14.6,-1,-13,-1,-8.0,-6.2,-6.2,4.8,5.6,628.85,,,
INDIQUBE,TFStage2,-25.75,-2,-4,2,-2.6,-1.9,1.9,2.5,7.2,181.01,,,
LOTUSDEV,TFStage2,-17.07,-1,-9,-1,-15.0,-17.1,-11.0,1.3,11.8,172.07,,,
SBIN,TFStage2,-13.18,-1,-4,-5,-2.0,-2.3,-10.8,2.1,9.9,1072.0,Financials - PSU Bank,Large Cap,
JSWSTEEL,TFStage2,-5.44,-8,-6,-2,-4.3,-3.8,-1.3,-0.4,0.8,1262.4,Metals - Iron & Steel,Large Cap,
MAHSCOOTER,TFStage2,-27.71,-1,-8,4,-3.7,-3.0,1.1,2.0,6.5,13402.0,Financials - Misc,Small Cap,
M&M,TFStage2,-11.77,-1,-4,-1,-3.6,-3.3,-0.3,4.9,6.3,3387.8,Auto - PV/Trucks,Large Cap,
BPCL,TFStage2,-19.01,-1,-9,-5,-2.9,-2.3,-17.7,1.0,2.9,317.2,Petro - Refineries,Large Cap,
APOLLOTYRE,TFStage2,-18.36,-5,-6,0,-1.3,-1.7,-9.0,3.0,4.1,441.25,Auto - Tyres,Mid Cap,
SMLMAH,TFStage2,-11.04,-1,-7,-1,-7.1,-6.4,-6.3,20.1,21.4,5327.0,Auto - CV,Small Cap,
WESTLIFE,TFStage2,-23.35,-1,-5,0,0.6,-0.1,17.1,14.4,23.0,594.0,Leisure - Restaurants,Small Cap,
KENNAMET,TFStage2,,0,-1,0,-1.9,7.8,15.1,20.5,25.1,3568.1,Engineering,Small Cap,
COROMANDEL,TFStage2,-16.13,0,-7,-5,-1.0,0.6,-5.6,2.3,5.8,2095.8,Agrichem - Fertilizers,Mid Cap,
TI,TFStage2,-0.18,0,0,0,4.0,15.7,21.6,22.0,26.0,567.95,Beverages - Alcohol,Small Cap,
JTEKTINDIA,TFStage2,-30.14,-5,-3,-5,-7.3,-11.0,-11.8,-4.6,2.0,131.69,Auto - Replacement,Small Cap,
DREDGECORP,TFStage2,-10.91,-7,8,-2,1.4,-2.8,-1.6,8.3,16.9,1145.7,Engineering,Small Cap,
MASTEK,TFStage2,-30.73,-2,-11,-1,-5.6,-6.2,-10.0,3.1,6.7,1810.7,IT - Software/Consulting,Small Cap,
MPHASIS,TFStage2,-17.26,0,-1,0,-0.5,1.5,-9.3,5.4,10.5,2513.0,IT - Software/Consulting,Mid Cap,
GUJALKALI,TFStage2,-15.23,0,-12,-3,-0.8,-0.2,-13.7,6.1,15.2,690.85,Chemicals - Bulk,Small Cap,
INDIACEM,TFStage2,-21.9,-4,-13,-1,-6.1,-7.5,-13.8,-1.0,3.3,379.4,Infra - Cement,Small Cap,
CONCOR,TFStage2,-5.69,0,0,0,2.1,2.0,2.3,7.8,10.7,537.35,Transport - Logistics,Mid Cap,
VIDHIING,TFStage2,-24.76,-1,-8,-1,-9.0,-7.9,-2.1,0.3,3.5,308.5,Chemicals - Dyes,Small Cap,
GLENMARK,TFStage2,-5.9,3,0,-3,1.0,1.7,-3.3,4.2,7.5,2328.0,Healthcare - Pharma,Mid Cap,
MARUTI,TFStage2,-20.52,-6,-9,-5,-3.0,-3.9,-7.1,0.1,0.3,13806.0,Auto - PV/Trucks,Large Cap,
PETRONET,TFStage2,-13.34,-7,-7,-5,-0.1,-2.6,-12.5,1.6,3.6,282.85,Utility - Gas,Mid Cap,
VOLTAMP,TFStage2,-21.25,-6,-3,-3,-0.8,-1.9,-13.7,2.4,13.2,10130.0,Power - Equipment,Small Cap,
FSL,TFStage2,-29.27,-1,-7,-1,-19.9,-11.7,-13.4,0.0,5.2,268.55,Tech - BPO,Small Cap,
BRIGADE,TFStage2,-26.08,0,-3,2,-2.7,1.9,0.1,5.3,11.2,592.85,Real Estate,Small Cap,
HYUNDAI,TFStage2,-22.13,0,0,0,0.3,1.7,3.1,6.2,13.2,2250.4,,,
MIDHANI,TFStage2,-8.71,-8,-1,-1,-4.3,-5.8,-1.0,-2.4,12.0,416.85,Defense - Misc,Small Cap,
SANDHAR,TFStage2,-16.73,-8,-4,-1,-4.1,-12.3,-12.1,-2.2,17.4,635.5,Auto - OEM Suppliers,Small Cap,
SHARDAMOTR,TFStage2,-24.7,-1,-4,0,-5.7,-4.8,-3.9,2.7,4.6,896.0,Auto - OEM Suppliers,Small Cap,
INDGN,TFStage2,-5.04,0,-3,0,-0.9,2.2,7.6,8.3,10.6,566.75,,,
SBILIFE,TFStage2,-15.85,-1,-9,-5,-5.7,-5.5,-11.9,-3.1,0.1,1794.1,Financials - Life,Large Cap,
NEWGEN,TFStage2,-48.37,-1,-11,-1,-4.3,-3.8,-5.9,1.3,6.8,538.0,IT - Software/Consulting,Small Cap,
IMFA,TFStage2,-14.95,-9,-6,-3,-5.6,-4.7,-4.9,3.3,8.1,1428.8,Metals - Misc,Small Cap,
MATRIMONY,TFStage2,-6.68,0,-2,0,-0.7,11.2,3.2,20.5,25.9,534.7,IT - Product/Platform,Small Cap,
AFFLE,TFStage2,-24.87,-1,-5,0,-2.4,-0.2,2.7,4.2,9.8,1642.3,IT - Product/Platform,Small Cap,
MVGJL,TFStage2,-26.92,-1,-11,-3,-9.9,-7.6,-12.3,-2.3,6.0,156.97,Consumption - Jewelry,Small Cap,
GOKULAGRO,TFStage2,-6.85,-8,-1,-3,-1.9,-1.8,-0.0,2.6,20.7,232.79,Agri - Edible Oil,Small Cap,
RADHIKAJWE,TFStage2,-30.15,-1,-2,-1,-4.4,-3.9,-3.0,5.8,12.7,69.61,Consumption - Jewelry,Small Cap,
DELHIVERY,TFStage2,-10.52,-5,-9,-1,-2.0,-9.9,-2.7,-0.9,3.1,468.9,Transport - Logistics,Small Cap,
POWERINDIA,TFStage2,-7.94,-7,-3,-2,0.2,-7.7,-7.7,4.6,16.4,35705.0,Power - Equipment,Mid Cap,
RHETAN,TFStage2,-39.29,-1,-3,-1,-37.4,-36.5,-30.0,-26.9,-19.2,21.17,,,
REDTAPE,TFStage2,-24.91,-5,-4,-2,-11.8,-14.5,-12.3,-6.3,2.3,122.77,Consumption - Footwear,Small Cap,
QPOWER,TFStage2,-11.1,-8,-2,-3,-1.0,-3.0,-7.2,6.5,16.4,1281.1,,,
GEMAROMA,TFStage2,-47.18,-5,-8,-5,-13.7,-18.9,-15.5,-7.4,1.4,167.45,,,
SHANTIGOLD,TFStage2,-4.99,7,0,0,2.3,2.1,5.8,8.5,9.5,236.57,,,
TMCV,TFStage2,,0,0,-5,0.6,5.4,-5.5,10.2,14.7,477.6,Auto - PV/Trucks,Large Cap,
BANCOINDIA,TFStage2,-29.2,-8,-6,-2,-9.2,-10.8,-7.1,-4.8,2.2,622.9,Auto - Replacement,Small Cap,
EPL,TFStage2,-4.01,4,0,0,1.2,3.9,8.1,11.0,11.7,249.42,Packaging,Small Cap,
SUNDROP,TFStage2,-26.16,-8,-5,-2,-4.0,-5.3,-2.4,1.1,4.3,662.8,Agri - Edible Oil,Small Cap,
VHL,TFStage2,-17.85,-7,-5,-2,-2.1,-4.4,-1.8,1.0,6.2,3512.1,Financials - NBFC,Small Cap,
EXCELINDUS,TFStage2,-21.62,-1,-2,-1,-5.4,-4.2,-0.9,5.1,5.5,986.05,Chemicals - Specialty,Small Cap,
PFIZER,TFStage2,-10.98,0,-1,4,-0.8,1.8,-1.9,4.3,7.1,4966.1,Healthcare - Pharma,Mid Cap,
CASTROLIND,TFStage2,-10.96,-1,-6,0,-2.9,-2.3,0.4,0.8,1.6,187.65,Petro - Lubricants,Small Cap,
CEATLTD,TFStage2,-17.19,-5,-3,0,-2.7,-5.0,-0.7,4.4,6.5,3675.0,Auto - Tyres,Small Cap,
BALKRISIND,TFStage2,-14.52,-1,-3,-1,-5.7,-4.3,-4.1,8.6,5.9,2372.0,Auto - Tyres,Mid Cap,
VTL,TFStage2,-14.02,-6,-11,-1,-5.2,-11.2,-7.1,-4.6,4.5,591.55,Textile - Spinning/Yarn,Small Cap,
SIYSIL,TFStage2,-24.81,-6,-1,-1,-0.1,-1.1,-0.3,3.6,6.0,638.2,Textile - Misc,Small Cap,
DYNAMATECH,TFStage2,-17.27,-1,-4,-3,-7.7,-6.6,-9.4,2.4,7.0,10651.0,Defense - Misc,Small Cap,
GMMPFAUDLR,TFStage2,-23.74,0,-1,2,-0.7,1.0,2.2,14.5,21.2,997.05,Engineering,Small Cap,
SUDARCOLOR,TFStage2,-32.61,-1,-5,1,-4.4,-3.5,7.0,7.1,13.2,406.35,,,
TVSSRICHAK,TFStage2,-13.5,-5,6,1,3.2,-2.4,0.6,1.5,6.9,4131.2,Auto - Tyres,Small Cap,
GRAPHITE,TFStage2,-8.11,0,-1,1,0.8,0.4,0.4,9.8,11.8,737.35,Metals - Casting/Forging,Small Cap,
PITTIENG,TFStage2,-2.06,6,-1,2,0.4,4.9,8.4,14.1,16.2,1069.55,Electronic - Equipment,Small Cap,
ASAHIINDIA,TFStage2,-14.99,-4,-6,1,-0.3,-0.5,-8.2,4.2,4.3,913.0,Auto - OEM Suppliers,Small Cap,
LUMAXIND,TFStage2,-15.2,0,-2,1,-2.4,1.5,-2.7,8.8,10.7,5880.5,Auto - Replacement,Small Cap,
HAVELLS,TFStage2,-21.92,-1,-7,-5,-2.0,-1.7,-9.4,3.9,4.6,1265.8,Consumption - Electronics,Large Cap,
WINDMACHIN,TFStage2,-13.49,-8,-2,-1,-2.2,-9.4,-2.7,-0.2,9.9,297.5,Engineering,Small Cap,
YUKEN,TFStage2,-19.15,0,-1,0,-1.9,4.2,6.5,11.9,17.7,833.5,Industrial - Pumps/Engines,Small Cap,
BOSCH-HCIL,TFStage2,-5.68,-1,-2,1,-1.6,-0.3,18.6,16.9,24.8,1677.5,,,
SCI,TFStage2,-19.91,-7,-5,-1,-5.0,-5.9,-3.6,-3.4,16.9,295.35,Transport - Shipping,Small Cap,
DVL,TFStage2,-28.53,-1,-2,2,-4.7,1.5,6.7,9.1,14.2,272.0,Chemicals - Petro,Small Cap,
GANESHHOU,TFStage2,-9.13,-5,-13,0,0.1,-5.7,7.3,1.8,10.7,820.5,Real Estate,Small Cap,
SEAMECLTD,TFStage2,-11.01,-8,-2,-2,-1.6,-7.2,-7.2,4.2,9.3,1521.1,Transport - Shipping,Small Cap,
LAOPALA,TFStage2,-26.76,0,-6,-5,-2.7,1.0,-7.0,3.6,5.5,191.9,Consumption - Misc,Small Cap,
ENGINERSIN,TFStage2,-9.03,-6,-3,-3,-1.2,-3.6,-3.6,1.6,15.6,242.88,Infra - Construction,Small Cap,
HCLTECH,TFStage2,-23.43,0,-9,-4,-0.3,0.5,-18.4,4.3,12.7,1363.1,IT - Software/Consulting,Large Cap,
RAMCOSYS,TFStage2,-39.32,-5,-3,-2,-11.3,-28.0,-29.8,-13.8,8.7,587.1,IT - Product/Platform,Small Cap,
PNB,TFStage2,-12.26,0,-2,-5,0.3,3.3,-8.4,6.0,9.5,118.58,Financials - PSU Bank,Large Cap,
UNIONBANK,TFStage2,-8.52,0,0,-5,0.6,2.4,-7.1,8.1,15.3,187.99,Financials - PSU Bank,Large Cap,
JSL,TFStage2,-16.43,1,-6,-3,-0.4,0.1,-6.5,2.6,3.7,738.8,Metals - Iron & Steel,Mid Cap,
XCHANGING,TFStage2,-38.07,-1,-2,-1,-6.8,-5.1,-12.4,-2.2,2.7,63.79,IT - Software/Consulting,Small Cap,
BLKASHYAP,TFStage2,-28.49,-4,-4,-3,-7.2,-9.9,-8.8,-4.6,4.3,52.2,Real Estate,Small Cap,
LTFOODS,TFStage2,-11.95,-1,-4,-3,-0.9,-1.1,-1.9,4.6,8.0,422.65,Agri - Rice,Small Cap,
INDIANB,TFStage2,-10.85,0,-1,-5,-0.3,0.3,-9.9,4.9,7.1,892.3,Financials - PSU Bank,Mid Cap,
EMBDL,TFStage2,-41.36,-5,-3,-2,-7.2,-6.4,-4.6,-0.8,3.6,61.98,Infra - Construction,Small Cap,
SRHHYPOLTD,TFStage2,-21.77,-1,-5,-3,-2.9,-6.6,-8.0,3.0,10.5,500.65,Chemicals - Bulk,Small Cap,
EDELWEISS,TFStage2,-7.52,-7,-1,0,1.6,-0.9,2.3,7.4,7.4,123.83,Financials - Misc,Small Cap,
ZENTEC,TFStage2,-8.44,-7,0,0,1.0,-7.8,3.6,7.1,20.7,1853.1,Defense - Technology,Small Cap,
ANDHRSUGAR,TFStage2,-6.47,-1,-3,2,-0.1,14.0,2.7,17.6,25.7,100.29,Chemicals - Bulk,Small Cap,
ZFCVINDIA,TFStage2,-13.71,-7,-4,0,0.0,-2.2,2.4,5.1,12.2,2626.7,Auto - OEM Suppliers,Small Cap,
ELLEN,TFStage2,-40.37,3,-1,2,0.5,10.5,23.5,19.1,25.9,333.8,,,
DEVYANI,TFStage2,-24.65,0,2,2,2.5,6.8,12.9,20.7,27.9,143.92,Leisure - Restaurants,Mid Cap,
LGEINDIA,TFStage2,,6,4,2,6.6,1.8,5.8,9.4,12.5,1685.7,,,
MTARTECH,TFStage2,-18.29,-7,-1,-2,-2.1,-15.2,-9.8,-5.7,25.1,7120.0,Defense - Misc,Small Cap,
RITES,TFStage2,-20.72,-1,-5,2,-4.2,-4.9,1.7,0.7,4.4,222.69,Railways,Small Cap,
ROLEXRINGS,TFStage2,-1.16,3,0,1,1.9,13.8,20.1,23.6,30.5,179.69,Auto - OEM Suppliers,Small Cap,
VRLLOG,TFStage2,-3.19,0,-2,4,-1.1,6.7,8.2,14.8,22.3,300.3,Transport - Logistics,Small Cap,
LUXIND,TFStage2,-33.8,-9,-6,-3,-5.8,-12.9,-13.7,-4.7,11.5,1207.0,Textile - Innerwear,Small Cap,
GRAVITA,TFStage2,-5.56,-4,-1,0,-0.4,-2.8,10.4,4.0,12.0,1807.2,Metals - Misc,Small Cap,
LTM,TFStage2,-26.01,0,-2,4,-1.1,2.1,-21.6,9.5,17.1,4757.5,,,
DBREALTY,TFStage2,-39.15,-4,-4,-3,-5.2,-5.9,-6.4,1.3,9.3,112.46,Real Estate,Small Cap,
SHK,TFStage2,-38.24,1,-1,0,-1.3,0.1,0.1,8.8,19.2,170.16,Consumption - Personal,Small Cap,
PCJEWELLER,TFStage2,-38.17,-5,-3,-2,-6.3,-9.0,-7.2,6.4,3.0,9.51,,,
UEL,TFStage2,-17.6,-1,-3,4,-14.7,-9.2,30.6,37.9,70.3,234.18,,,
MANYAVAR,TFStage2,-32.89,0,-2,2,0.2,1.1,9.3,19.0,26.7,522.75,Textile - Apparels,Mid Cap,
IEX,TFStage2,-22.14,-1,-12,-1,-6.5,-6.2,-5.6,-0.9,0.7,124.79,IT - Product/Platform,Small Cap,
TCIEXP,TFStage2,-29.07,-3,-6,0,-3.8,-4.7,1.4,3.8,5.0,553.25,Transport - Logistics,Small Cap,
TRITURBINE,TFStage2,-24.71,-9,-6,-2,-7.5,-20.1,-20.1,-10.3,2.1,593.0,Power - Equipment,Small Cap,
ARVSMART,TFStage2,-5.15,0,-1,2,-1.3,1.1,5.4,6.4,11.4,658.05,Real Estate,Small Cap,
DCAL,TFStage2,-39.54,-6,-1,-2,-0.5,-1.0,-9.4,7.3,12.0,194.65,Healthcare - Pharma,Small Cap,
JIOFIN,TFStage2,-21.58,-1,-7,-1,-4.6,-3.0,-1.7,3.9,3.8,252.2,Financials - NBFC,Small Cap,
RHIM,TFStage2,-23.78,-5,-3,-5,-8.3,-7.8,-10.9,-1.5,4.3,387.45,Metals - Casting/Forging,Small Cap,
EMUDHRA,TFStage2,-28.5,-1,-6,2,-2.6,-2.5,0.2,9.4,13.9,525.55,IT - Product/Platform,Small Cap,
NIBE,TFStage2,-17.97,-8,12,-1,0.4,-16.5,-9.2,-5.3,33.6,1516.0,,,
LTTS,TFStage2,-25.82,-1,-2,-3,-3.7,-2.6,-7.0,0.2,3.4,3505.6,IT - Services,Mid Cap,
HAPPSTMNDS,TFStage2,-32.53,-1,-5,0,-3.8,-3.5,-5.1,2.3,6.3,393.6,IT - Software/Consulting,Small Cap,
ONEPOINT,TFStage2,-11.53,-1,-1,-2,-4.1,-8.7,-8.7,2.2,12.0,58.26,Tech - BPO,Small Cap,
ATLANTAELE,TFStage2,-20.73,-7,5,-2,2.7,-16.5,-15.1,-4.2,12.2,1706.3,,,
WEL,TFStage2,-20.45,0,0,4,4.7,12.6,3.4,25.2,37.5,146.0,Consumption - Appliances,Small Cap,
SWIGGY,TFStage2,-40.58,-2,-11,-5,-3.6,-1.1,-10.3,5.2,6.2,281.65,,,
RBA,TFStage2,-3.22,0,0,0,2.7,5.2,26.0,33.6,49.1,99.88,Leisure - Restaurants,Small Cap,
MOL,TFStage2,-29.72,1,2,0,6.0,11.5,10.5,17.0,20.7,61.67,Agrichem - Protection,Small Cap,
SAPPHIRE,TFStage2,-32.45,0,-2,2,0.4,4.8,14.3,20.6,29.1,235.0,Leisure - Restaurants,Small Cap,
SHREMINVIT,TFStage2,-2.9,-1,-3,0,-1.0,-1.0,2.1,2.9,3.9,103.9,Financials - Misc,Small Cap,
HARSHA,TFStage2,-12.9,-7,-4,-2,-5.0,-5.9,-2.7,-1.5,6.3,408.5,Engineering,Small Cap,
KFINTECH,TFStage2,-24.15,-1,-12,-1,-4.1,-2.3,-5.2,2.6,2.5,921.55,IT - Product/Platform,Small Cap,
IRMENERGY,TFStage2,-25.05,0,-5,-3,-2.2,0.1,-17.5,8.8,16.7,294.55,Industrial - Consumables,Small Cap,
GARUDA,TFStage2,-25.8,5,-4,0,-4.1,2.3,2.6,5.0,8.0,184.99,,,
QUADFUTURE,TFStage2,-26.89,-6,-5,-1,-1.2,-21.8,-15.5,-6.5,9.1,367.3,,,
SAGILITY,TFStage2,-26.52,-1,-10,-1,-5.7,-2.6,-12.6,1.1,2.0,42.54,,,
BORANA,TFStage2,-25.13,-1,-5,-5,-8.4,-7.4,-19.8,-0.2,3.5,314.45,,,
GKENERGY,TFStage2,-46.68,-7,-13,-2,-6.8,-15.8,-9.8,-9.4,1.5,127.75,,,
ENRIN,TFStage2,-9.94,-7,-4,-2,-1.7,-8.4,-8.4,-1.7,12.1,3573.4,,,
URBANCO,TFStage2,-28.96,-1,-8,-3,-1.8,-0.6,-5.8,4.7,9.1,142.92,,,
KRT,TFStage2,,,,,,,,,,,,,
