Sector,Date,M_RSI
2/3 Wheelers,2026-06-30,
2/3 Wheelers,2026-07-31,
2/3 Wheelers,2026-08-31,
2/3 Wheelers,2026-09-30,
Abrasives & Bearings,2026-06-30,
Abrasives & Bearings,2026-07-31,
Abrasives & Bearings,2026-08-31,
Abrasives & Bearings,2026-09-30,
Agri - Animal Feed,2026-06-30,
Agri - Animal Feed,2026-07-31,
Agri - Animal Feed,2026-08-31,
Agri - Animal Feed,2026-09-30,
Agri - Edible Oil,2026-06-30,
Agri - Edible Oil,2026-07-31,
Agri - Edible Oil,2026-08-31,
Agri - Edible Oil,2026-09-30,
Agri - Misc,2026-06-30,
Agri - Misc,2026-07-31,
Agri - Misc,2026-08-31,
Agri - Misc,2026-09-30,
Agri - Rice,2026-06-30,
Agri - Rice,2026-07-31,
Agri - Rice,2026-08-31,
Agri - Rice,2026-09-30,
Agri - Seeds,2026-06-30,
Agri - Seeds,2026-07-31,
Agri - Seeds,2026-08-31,
Agri - Seeds,2026-09-30,
Agri - Sugar,2026-06-30,
Agri - Sugar,2026-07-31,
Agri - Sugar,2026-08-31,
Agri - Sugar,2026-09-30,
Agri - Tea/Coffee,2026-06-30,
Agri - Tea/Coffee,2026-07-31,
Agri - Tea/Coffee,2026-08-31,
Agri - Tea/Coffee,2026-09-30,
Agrichem - Fertilizers,2026-06-30,
Agrichem - Fertilizers,2026-07-31,
Agrichem - Fertilizers,2026-08-31,
Agrichem - Fertilizers,2026-09-30,
Agrichem - Protection,2026-06-30,
Agrichem - Protection,2026-07-31,
Agrichem - Protection,2026-08-31,
Agrichem - Protection,2026-09-30,
Aluminium Copper & Zinc Products,2026-06-30,
Aluminium Copper & Zinc Products,2026-07-31,
Aluminium Copper & Zinc Products,2026-08-31,
Aluminium Copper & Zinc Products,2026-09-30,
Asset Management Company,2026-06-30,
Asset Management Company,2026-07-31,
Asset Management Company,2026-08-31,
Asset Management Company,2026-09-30,
Auto - 2W,2026-06-30,
Auto - 2W,2026-07-31,
Auto - 2W,2026-08-31,
Auto - 2W,2026-09-30,
Auto - CV,2026-06-30,
Auto - CV,2026-07-31,
Auto - CV,2026-08-31,
Auto - CV,2026-09-30,
Auto - Misc,2026-06-30,
Auto - Misc,2026-07-31,
Auto - Misc,2026-08-31,
Auto - Misc,2026-09-30,
Auto - OEM Suppliers,2026-06-30,
Auto - OEM Suppliers,2026-07-31,
Auto - OEM Suppliers,2026-08-31,
Auto - OEM Suppliers,2026-09-30,
Auto - PV/Trucks,2026-06-30,
Auto - PV/Trucks,2026-07-31,
Auto - PV/Trucks,2026-08-31,
Auto - PV/Trucks,2026-09-30,
Auto - Replacement,2026-06-30,
Auto - Replacement,2026-07-31,
Auto - Replacement,2026-08-31,
Auto - Replacement,2026-09-30,
Auto - Tyres,2026-06-30,
Auto - Tyres,2026-07-31,
Auto - Tyres,2026-08-31,
Auto - Tyres,2026-09-30,
Auto Components & Equipments,2026-06-30,
Auto Components & Equipments,2026-07-31,
Auto Components & Equipments,2026-08-31,
Auto Components & Equipments,2026-09-30,
Batteries,2026-06-30,
Batteries,2026-07-31,
Batteries,2026-08-31,
Batteries,2026-09-30,
Beverages - Alcohol,2026-06-30,
Beverages - Alcohol,2026-07-31,
Beverages - Alcohol,2026-08-31,
Beverages - Alcohol,2026-09-30,
Breweries & Distilleries,2026-06-30,
Breweries & Distilleries,2026-07-31,
Breweries & Distilleries,2026-08-31,
Breweries & Distilleries,2026-09-30,
Cables - Electricals,2026-06-30,
Cables - Electricals,2026-07-31,
Cables - Electricals,2026-08-31,
Cables - Electricals,2026-09-30,
Cement & Cement Products,2026-06-30,
Cement & Cement Products,2026-07-31,
Cement & Cement Products,2026-08-31,
Cement & Cement Products,2026-09-30,
Chemicals - Bulk,2026-06-30,
Chemicals - Bulk,2026-07-31,
Chemicals - Bulk,2026-08-31,
Chemicals - Bulk,2026-09-30,
Chemicals - Dyes,2026-06-30,
Chemicals - Dyes,2026-07-31,
Chemicals - Dyes,2026-08-31,
Chemicals - Dyes,2026-09-30,
Chemicals - Misc,2026-06-30,
Chemicals - Misc,2026-07-31,
Chemicals - Misc,2026-08-31,
Chemicals - Misc,2026-09-30,
Chemicals - Petro,2026-06-30,
Chemicals - Petro,2026-07-31,
Chemicals - Petro,2026-08-31,
Chemicals - Petro,2026-09-30,
Chemicals - Specialty,2026-06-30,
Chemicals - Specialty,2026-07-31,
Chemicals - Specialty,2026-08-31,
Chemicals - Specialty,2026-09-30,
Civil Construction,2026-06-30,
Civil Construction,2026-07-31,
Civil Construction,2026-08-31,
Civil Construction,2026-09-30,
Coal,2026-06-30,
Coal,2026-07-31,
Coal,2026-08-31,
Coal,2026-09-30,
Commercial Services & Supplies,2026-06-30,
Commercial Services & Supplies,2026-07-31,
Commercial Services & Supplies,2026-08-31,
Commercial Services & Supplies,2026-09-30,
Compressors- Pumps & Diesel Engines,2026-06-30,
Compressors- Pumps & Diesel Engines,2026-07-31,
Compressors- Pumps & Diesel Engines,2026-08-31,
Compressors- Pumps & Diesel Engines,2026-09-30,
Computers - Software & Consulting,2026-06-30,
Computers - Software & Consulting,2026-07-31,
Computers - Software & Consulting,2026-08-31,
Computers - Software & Consulting,2026-09-30,
Consumption - Appliances,2026-06-30,
Consumption - Appliances,2026-07-31,
Consumption - Appliances,2026-08-31,
Consumption - Appliances,2026-09-30,
Consumption - Dairy,2026-06-30,
Consumption - Dairy,2026-07-31,
Consumption - Dairy,2026-08-31,
Consumption - Dairy,2026-09-30,
Consumption - Electronics,2026-06-30,
Consumption - Electronics,2026-07-31,
Consumption - Electronics,2026-08-31,
Consumption - Electronics,2026-09-30,
Consumption - FMCG,2026-06-30,
Consumption - FMCG,2026-07-31,
Consumption - FMCG,2026-08-31,
Consumption - FMCG,2026-09-30,
Consumption - Footwear,2026-06-30,
Consumption - Footwear,2026-07-31,
Consumption - Footwear,2026-08-31,
Consumption - Footwear,2026-09-30,
Consumption - Jewelry,2026-06-30,
Consumption - Jewelry,2026-07-31,
Consumption - Jewelry,2026-08-31,
Consumption - Jewelry,2026-09-30,
Consumption - Luggage,2026-06-30,
Consumption - Luggage,2026-07-31,
Consumption - Luggage,2026-08-31,
Consumption - Luggage,2026-09-30,
Consumption - Misc,2026-06-30,
Consumption - Misc,2026-07-31,
Consumption - Misc,2026-08-31,
Consumption - Misc,2026-09-30,
Consumption - Paints,2026-06-30,
Consumption - Paints,2026-07-31,
Consumption - Paints,2026-08-31,
Consumption - Paints,2026-09-30,
Consumption - Personal,2026-06-30,
Consumption - Personal,2026-07-31,
Consumption - Personal,2026-08-31,
Consumption - Personal,2026-09-30,
Consumption - Retail,2026-06-30,
Consumption - Retail,2026-07-31,
Consumption - Retail,2026-08-31,
Consumption - Retail,2026-09-30,
Defense - Misc,2026-06-30,
Defense - Misc,2026-07-31,
Defense - Misc,2026-08-31,
Defense - Misc,2026-09-30,
Defense - Ship Building,2026-06-30,
Defense - Ship Building,2026-07-31,
Defense - Ship Building,2026-08-31,
Defense - Ship Building,2026-09-30,
Defense - Technology,2026-06-30,
Defense - Technology,2026-07-31,
Defense - Technology,2026-08-31,
Defense - Technology,2026-09-30,
Diversified Commercial Services,2026-06-30,
Diversified Commercial Services,2026-07-31,
Diversified Commercial Services,2026-08-31,
Diversified Commercial Services,2026-09-30,
Diversified Metals,2026-06-30,
Diversified Metals,2026-07-31,
Diversified Metals,2026-08-31,
Diversified Metals,2026-09-30,
E-Learning,2026-06-30,
E-Learning,2026-07-31,
E-Learning,2026-08-31,
E-Learning,2026-09-30,
E-Retail/ E-Commerce,2026-06-30,
E-Retail/ E-Commerce,2026-07-31,
E-Retail/ E-Commerce,2026-08-31,
E-Retail/ E-Commerce,2026-09-30,
Electronic - Equipment,2026-06-30,
Electronic - Equipment,2026-07-31,
Electronic - Equipment,2026-08-31,
Electronic - Equipment,2026-09-30,
Engineering,2026-06-30,
Engineering,2026-07-31,
Engineering,2026-08-31,
Engineering,2026-09-30,
Financial Technology (Fintech),2026-06-30,
Financial Technology (Fintech),2026-07-31,
Financial Technology (Fintech),2026-08-31,
Financial Technology (Fintech),2026-09-30,
Financials - AMC,2026-06-30,
Financials - AMC,2026-07-31,
Financials - AMC,2026-08-31,
Financials - AMC,2026-09-30,
Financials - Broking,2026-06-30,
Financials - Broking,2026-07-31,
Financials - Broking,2026-08-31,
Financials - Broking,2026-09-30,
Financials - Housing,2026-06-30,
Financials - Housing,2026-07-31,
Financials - Housing,2026-08-31,
Financials - Housing,2026-09-30,
Financials - Life,2026-06-30,
Financials - Life,2026-07-31,
Financials - Life,2026-08-31,
Financials - Life,2026-09-30,
Financials - MFI,2026-06-30,
Financials - MFI,2026-07-31,
Financials - MFI,2026-08-31,
Financials - MFI,2026-09-30,
Financials - Misc,2026-06-30,
Financials - Misc,2026-07-31,
Financials - Misc,2026-08-31,
Financials - Misc,2026-09-30,
Financials - NBFC,2026-06-30,
Financials - NBFC,2026-07-31,
Financials - NBFC,2026-08-31,
Financials - NBFC,2026-09-30,
Financials - Non-Life,2026-06-30,
Financials - Non-Life,2026-07-31,
Financials - Non-Life,2026-08-31,
Financials - Non-Life,2026-09-30,
Financials - PSU Bank,2026-06-30,
Financials - PSU Bank,2026-07-31,
Financials - PSU Bank,2026-08-31,
Financials - PSU Bank,2026-09-30,
Financials - Private Bank,2026-06-30,
Financials - Private Bank,2026-07-31,
Financials - Private Bank,2026-08-31,
Financials - Private Bank,2026-09-30,
Financials - Ratings,2026-06-30,
Financials - Ratings,2026-07-31,
Financials - Ratings,2026-08-31,
Financials - Ratings,2026-09-30,
Furniture- Home Furnishing,2026-06-30,
Furniture- Home Furnishing,2026-07-31,
Furniture- Home Furnishing,2026-08-31,
Furniture- Home Furnishing,2026-09-30,
Gems Jewellery And Watches,2026-06-30,
Gems Jewellery And Watches,2026-07-31,
Gems Jewellery And Watches,2026-08-31,
Gems Jewellery And Watches,2026-09-30,
Gems- Jewellery And Watches,2026-06-30,
Gems- Jewellery And Watches,2026-07-31,
Gems- Jewellery And Watches,2026-08-31,
Gems- Jewellery And Watches,2026-09-30,
Granites & Marbles,2026-06-30,
Granites & Marbles,2026-07-31,
Granites & Marbles,2026-08-31,
Granites & Marbles,2026-09-30,
Healthcare - Biotech,2026-06-30,
Healthcare - Biotech,2026-07-31,
Healthcare - Biotech,2026-08-31,
Healthcare - Biotech,2026-09-30,
Healthcare - Diagnostics,2026-06-30,
Healthcare - Diagnostics,2026-07-31,
Healthcare - Diagnostics,2026-08-31,
Healthcare - Diagnostics,2026-09-30,
Healthcare - Equipments,2026-06-30,
Healthcare - Equipments,2026-07-31,
Healthcare - Equipments,2026-08-31,
Healthcare - Equipments,2026-09-30,
Healthcare - Hospitals,2026-06-30,
Healthcare - Hospitals,2026-07-31,
Healthcare - Hospitals,2026-08-31,
Healthcare - Hospitals,2026-09-30,
Healthcare - Pharma,2026-06-30,
Healthcare - Pharma,2026-07-31,
Healthcare - Pharma,2026-08-31,
Healthcare - Pharma,2026-09-30,
Healthcare Service Provider,2026-06-30,
Healthcare Service Provider,2026-07-31,
Healthcare Service Provider,2026-08-31,
Healthcare Service Provider,2026-09-30,
Heavy Electrical Equipment,2026-06-30,
Heavy Electrical Equipment,2026-07-31,
Heavy Electrical Equipment,2026-08-31,
Heavy Electrical Equipment,2026-09-30,
Hospital,2026-06-30,
Hospital,2026-07-31,
Hospital,2026-08-31,
Hospital,2026-09-30,
Hotels & Resorts,2026-06-30,
Hotels & Resorts,2026-07-31,
Hotels & Resorts,2026-08-31,
Hotels & Resorts,2026-09-30,
Household Appliances,2026-06-30,
Household Appliances,2026-07-31,
Household Appliances,2026-08-31,
Household Appliances,2026-09-30,
Houseware,2026-06-30,
Houseware,2026-07-31,
Houseware,2026-08-31,
Houseware,2026-09-30,
Housing Finance Company,2026-06-30,
Housing Finance Company,2026-07-31,
Housing Finance Company,2026-08-31,
Housing Finance Company,2026-09-30,
Human Resources,2026-06-30,
Human Resources,2026-07-31,
Human Resources,2026-08-31,
Human Resources,2026-09-30,
IT - Education,2026-06-30,
IT - Education,2026-07-31,
IT - Education,2026-08-31,
IT - Education,2026-09-30,
IT - Equipments,2026-06-30,
IT - Equipments,2026-07-31,
IT - Equipments,2026-08-31,
IT - Equipments,2026-09-30,
IT - Product/Platform,2026-06-30,
IT - Product/Platform,2026-07-31,
IT - Product/Platform,2026-08-31,
IT - Product/Platform,2026-09-30,
IT - Services,2026-06-30,
IT - Services,2026-07-31,
IT - Services,2026-08-31,
IT - Services,2026-09-30,
IT - Software,2026-06-30,
IT - Software,2026-07-31,
IT - Software,2026-08-31,
IT - Software,2026-09-30,
IT - Software/Consulting,2026-06-30,
IT - Software/Consulting,2026-07-31,
IT - Software/Consulting,2026-08-31,
IT - Software/Consulting,2026-09-30,
IT Enabled Services,2026-06-30,
IT Enabled Services,2026-07-31,
IT Enabled Services,2026-08-31,
IT Enabled Services,2026-09-30,
Index,2026-06-30,
Index,2026-07-31,
Index,2026-08-31,
Index,2026-09-30,
Industrial - Bearings,2026-06-30,
Industrial - Bearings,2026-07-31,
Industrial - Bearings,2026-08-31,
Industrial - Bearings,2026-09-30,
Industrial - Consumables,2026-06-30,
Industrial - Consumables,2026-07-31,
Industrial - Consumables,2026-08-31,
Industrial - Consumables,2026-09-30,
Industrial - Pumps/Engines,2026-06-30,
Industrial - Pumps/Engines,2026-07-31,
Industrial - Pumps/Engines,2026-08-31,
Industrial - Pumps/Engines,2026-09-30,
Industrial Gases,2026-06-30,
Industrial Gases,2026-07-31,
Industrial Gases,2026-08-31,
Industrial Gases,2026-09-30,
Industrial Products,2026-06-30,
Industrial Products,2026-07-31,
Industrial Products,2026-08-31,
Industrial Products,2026-09-30,
Infra - Cement,2026-06-30,
Infra - Cement,2026-07-31,
Infra - Cement,2026-08-31,
Infra - Cement,2026-09-30,
Infra - Ceramics,2026-06-30,
Infra - Ceramics,2026-07-31,
Infra - Ceramics,2026-08-31,
Infra - Ceramics,2026-09-30,
Infra - Construction,2026-06-30,
Infra - Construction,2026-07-31,
Infra - Construction,2026-08-31,
Infra - Construction,2026-09-30,
Infra - Granites/Marbles,2026-06-30,
Infra - Granites/Marbles,2026-07-31,
Infra - Granites/Marbles,2026-08-31,
Infra - Granites/Marbles,2026-09-30,
Infra - Home Furnish,2026-06-30,
Infra - Home Furnish,2026-07-31,
Infra - Home Furnish,2026-08-31,
Infra - Home Furnish,2026-09-30,
Infra - Laminates,2026-06-30,
Infra - Laminates,2026-07-31,
Infra - Laminates,2026-08-31,
Infra - Laminates,2026-09-30,
Infra - Plastic Pipes,2026-06-30,
Infra - Plastic Pipes,2026-07-31,
Infra - Plastic Pipes,2026-08-31,
Infra - Plastic Pipes,2026-09-30,
Internet & Catalogue Retail,2026-06-30,
Internet & Catalogue Retail,2026-07-31,
Internet & Catalogue Retail,2026-08-31,
Internet & Catalogue Retail,2026-09-30,
Iron & Steel Products,2026-06-30,
Iron & Steel Products,2026-07-31,
Iron & Steel Products,2026-08-31,
Iron & Steel Products,2026-09-30,
Leather Products,2026-06-30,
Leather Products,2026-07-31,
Leather Products,2026-08-31,
Leather Products,2026-09-30,
Leisure - Hotels,2026-06-30,
Leisure - Hotels,2026-07-31,
Leisure - Hotels,2026-08-31,
Leisure - Hotels,2026-09-30,
Leisure - Misc,2026-06-30,
Leisure - Misc,2026-07-31,
Leisure - Misc,2026-08-31,
Leisure - Misc,2026-09-30,
Leisure - Restaurants,2026-06-30,
Leisure - Restaurants,2026-07-31,
Leisure - Restaurants,2026-08-31,
Leisure - Restaurants,2026-09-30,
Life Insurance,2026-06-30,
Life Insurance,2026-07-31,
Life Insurance,2026-08-31,
Life Insurance,2026-09-30,
Media - Entertainment,2026-06-30,
Media - Entertainment,2026-07-31,
Media - Entertainment,2026-08-31,
Media - Entertainment,2026-09-30,
Media - Entertaintment,2026-06-30,
Media - Entertaintment,2026-07-31,
Media - Entertaintment,2026-08-31,
Media - Entertaintment,2026-09-30,
Media - Films,2026-06-30,
Media - Films,2026-07-31,
Media - Films,2026-08-31,
Media - Films,2026-09-30,
Media - Misc,2026-06-30,
Media - Misc,2026-07-31,
Media - Misc,2026-08-31,
Media - Misc,2026-09-30,
Media - Publishing,2026-06-30,
Media - Publishing,2026-07-31,
Media - Publishing,2026-08-31,
Media - Publishing,2026-09-30,
Media - TV Broadcast,2026-06-30,
Media - TV Broadcast,2026-07-31,
Media - TV Broadcast,2026-08-31,
Media - TV Broadcast,2026-09-30,
Medical Equipment & Supplies,2026-06-30,
Medical Equipment & Supplies,2026-07-31,
Medical Equipment & Supplies,2026-08-31,
Medical Equipment & Supplies,2026-09-30,
Metals - Aluminium,2026-06-30,
Metals - Aluminium,2026-07-31,
Metals - Aluminium,2026-08-31,
Metals - Aluminium,2026-09-30,
Metals - Casting/Forging,2026-06-30,
Metals - Casting/Forging,2026-07-31,
Metals - Casting/Forging,2026-08-31,
Metals - Casting/Forging,2026-09-30,
Metals - Copper,2026-06-30,
Metals - Copper,2026-07-31,
Metals - Copper,2026-08-31,
Metals - Copper,2026-09-30,
Metals - Iron & Steel,2026-06-30,
Metals - Iron & Steel,2026-07-31,
Metals - Iron & Steel,2026-08-31,
Metals - Iron & Steel,2026-09-30,
Metals - Misc,2026-06-30,
Metals - Misc,2026-07-31,
Metals - Misc,2026-08-31,
Metals - Misc,2026-09-30,
Metals - Pipe & Tube,2026-06-30,
Metals - Pipe & Tube,2026-07-31,
Metals - Pipe & Tube,2026-08-31,
Metals - Pipe & Tube,2026-09-30,
Non Banking Financial Company (NBFC),2026-06-30,
Non Banking Financial Company (NBFC),2026-07-31,
Non Banking Financial Company (NBFC),2026-08-31,
Non Banking Financial Company (NBFC),2026-09-30,
Oil Storage & Transportation,2026-06-30,
Oil Storage & Transportation,2026-07-31,
Oil Storage & Transportation,2026-08-31,
Oil Storage & Transportation,2026-09-30,
Oil and Gas,2026-06-30,
Oil and Gas,2026-07-31,
Oil and Gas,2026-08-31,
Oil and Gas,2026-09-30,
Other Agricultural Products,2026-06-30,
Other Agricultural Products,2026-07-31,
Other Agricultural Products,2026-08-31,
Other Agricultural Products,2026-09-30,
Other Electrical Equipment,2026-06-30,
Other Electrical Equipment,2026-07-31,
Other Electrical Equipment,2026-08-31,
Other Electrical Equipment,2026-09-30,
Other Financial Services,2026-06-30,
Other Financial Services,2026-07-31,
Other Financial Services,2026-08-31,
Other Financial Services,2026-09-30,
Other Food Products,2026-06-30,
Other Food Products,2026-07-31,
Other Food Products,2026-08-31,
Other Food Products,2026-09-30,
Other Telecom Services,2026-06-30,
Other Telecom Services,2026-07-31,
Other Telecom Services,2026-08-31,
Other Telecom Services,2026-09-30,
Others,2026-06-30,
Others,2026-07-31,
Others,2026-08-31,
Others,2026-09-30,
Packaging,2026-06-30,
Packaging,2026-07-31,
Packaging,2026-08-31,
Packaging,2026-09-30,
Paper,2026-06-30,
Paper,2026-07-31,
Paper,2026-08-31,
Paper,2026-09-30,
Petro - Lubricants,2026-06-30,
Petro - Lubricants,2026-07-31,
Petro - Lubricants,2026-08-31,
Petro - Lubricants,2026-09-30,
Petro - Refineries,2026-06-30,
Petro - Refineries,2026-07-31,
Petro - Refineries,2026-08-31,
Petro - Refineries,2026-09-30,
Pharmaceuticals,2026-06-30,
Pharmaceuticals,2026-07-31,
Pharmaceuticals,2026-08-31,
Pharmaceuticals,2026-09-30,
Power - Equipment,2026-06-30,
Power - Equipment,2026-07-31,
Power - Equipment,2026-08-31,
Power - Equipment,2026-09-30,
Power - Green,2026-06-30,
Power - Green,2026-07-31,
Power - Green,2026-08-31,
Power - Green,2026-09-30,
Power - Misc,2026-06-30,
Power - Misc,2026-07-31,
Power - Misc,2026-08-31,
Power - Misc,2026-09-30,
Power - Wiring,2026-06-30,
Power - Wiring,2026-07-31,
Power - Wiring,2026-08-31,
Power - Wiring,2026-09-30,
Railways,2026-06-30,
Railways,2026-07-31,
Railways,2026-08-31,
Railways,2026-09-30,
Real Estate,2026-06-30,
Real Estate,2026-07-31,
Real Estate,2026-08-31,
Real Estate,2026-09-30,
Residential Commercial Projects,2026-06-30,
Residential Commercial Projects,2026-07-31,
Residential Commercial Projects,2026-08-31,
Residential Commercial Projects,2026-09-30,
Residential- Commercial Projects,2026-06-30,
Residential- Commercial Projects,2026-07-31,
Residential- Commercial Projects,2026-08-31,
Residential- Commercial Projects,2026-09-30,
Restaurants,2026-06-30,
Restaurants,2026-07-31,
Restaurants,2026-08-31,
Restaurants,2026-09-30,
Rubber,2026-06-30,
Rubber,2026-07-31,
Rubber,2026-08-31,
Rubber,2026-09-30,
Shipping,2026-06-30,
Shipping,2026-07-31,
Shipping,2026-08-31,
Shipping,2026-09-30,
Software Products,2026-06-30,
Software Products,2026-07-31,
Software Products,2026-08-31,
Software Products,2026-09-30,
Speciality Retail,2026-06-30,
Speciality Retail,2026-07-31,
Speciality Retail,2026-08-31,
Speciality Retail,2026-09-30,
Stockbroking & Allied,2026-06-30,
Stockbroking & Allied,2026-07-31,
Stockbroking & Allied,2026-08-31,
Stockbroking & Allied,2026-09-30,
Tech - BPO,2026-06-30,
Tech - BPO,2026-07-31,
Tech - BPO,2026-08-31,
Tech - BPO,2026-09-30,
Telecom,2026-06-30,
Telecom,2026-07-31,
Telecom,2026-08-31,
Telecom,2026-09-30,
Telecom - Infrastructure,2026-06-30,
Telecom - Infrastructure,2026-07-31,
Telecom - Infrastructure,2026-08-31,
Telecom - Infrastructure,2026-09-30,
Textile - Apparels,2026-06-30,
Textile - Apparels,2026-07-31,
Textile - Apparels,2026-08-31,
Textile - Apparels,2026-09-30,
Textile - Innerwear,2026-06-30,
Textile - Innerwear,2026-07-31,
Textile - Innerwear,2026-08-31,
Textile - Innerwear,2026-09-30,
Textile - Misc,2026-06-30,
Textile - Misc,2026-07-31,
Textile - Misc,2026-08-31,
Textile - Misc,2026-09-30,
Textile - Spinning/Yarn,2026-06-30,
Textile - Spinning/Yarn,2026-07-31,
Textile - Spinning/Yarn,2026-08-31,
Textile - Spinning/Yarn,2026-09-30,
Textiles - Polyester,2026-06-30,
Textiles - Polyester,2026-07-31,
Textiles - Polyester,2026-08-31,
Textiles - Polyester,2026-09-30,
Textiles - Processing,2026-06-30,
Textiles - Processing,2026-07-31,
Textiles - Processing,2026-08-31,
Textiles - Processing,2026-09-30,
Transport - Logistics,2026-06-30,
Transport - Logistics,2026-07-31,
Transport - Logistics,2026-08-31,
Transport - Logistics,2026-09-30,
Transport - Shipping,2026-06-30,
Transport - Shipping,2026-07-31,
Transport - Shipping,2026-08-31,
Transport - Shipping,2026-09-30,
Utility - Gas,2026-06-30,
Utility - Gas,2026-07-31,
Utility - Gas,2026-08-31,
Utility - Gas,2026-09-30,
Utility - Misc,2026-06-30,
Utility - Misc,2026-07-31,
Utility - Misc,2026-08-31,
Utility - Misc,2026-09-30,
