Sector,Date,W_RSI
Agri - Edible Oil,2026-03-27,
Agri - Edible Oil,2026-04-03,
Agri - Edible Oil,2026-04-10,
Agri - Edible Oil,2026-04-17,
Agri - Edible Oil,2026-04-24,
Agri - Edible Oil,2026-05-01,
Agri - Edible Oil,2026-05-08,
Agri - Edible Oil,2026-05-15,
Agri - Edible Oil,2026-05-22,
Agri - Edible Oil,2026-05-29,
Agri - Edible Oil,2026-06-05,
Agri - Edible Oil,2026-06-12,
Agri - Edible Oil,2026-06-19,
Agri - Edible Oil,2026-06-26,
Agri - Edible Oil,2026-07-03,86
Agri - Edible Oil,2026-07-10,87
Agri - Edible Oil,2026-07-17,83
Agri - Edible Oil,2026-07-24,84
Agri - Edible Oil,2026-07-31,85
Agri - Edible Oil,2026-08-07,82
Agri - Edible Oil,2026-08-14,82
Agri - Edible Oil,2026-08-21,75
Agri - Edible Oil,2026-08-28,67
Agri - Edible Oil,2026-09-04,62
Agri - Edible Oil,2026-09-11,58
Agri - Edible Oil,2026-09-18,58
Agri - Edible Oil,2026-09-25,62
Agri - Misc,2026-03-27,
Agri - Misc,2026-04-03,
Agri - Misc,2026-04-10,
Agri - Misc,2026-04-17,
Agri - Misc,2026-04-24,
Agri - Misc,2026-05-01,
Agri - Misc,2026-05-08,
Agri - Misc,2026-05-15,
Agri - Misc,2026-05-22,
Agri - Misc,2026-05-29,
Agri - Misc,2026-06-05,
Agri - Misc,2026-06-12,
Agri - Misc,2026-06-19,
Agri - Misc,2026-06-26,
Agri - Misc,2026-07-03,71
Agri - Misc,2026-07-10,72
Agri - Misc,2026-07-17,71
Agri - Misc,2026-07-24,70
Agri - Misc,2026-07-31,71
Agri - Misc,2026-08-07,73
Agri - Misc,2026-08-14,78
Agri - Misc,2026-08-21,84
Agri - Misc,2026-08-28,79
Agri - Misc,2026-09-04,82
Agri - Misc,2026-09-11,83
Agri - Misc,2026-09-18,74
Agri - Misc,2026-09-25,66
Agri - Rice,2026-03-27,
Agri - Rice,2026-04-03,
Agri - Rice,2026-04-10,
Agri - Rice,2026-04-17,
Agri - Rice,2026-04-24,
Agri - Rice,2026-05-01,
Agri - Rice,2026-05-08,
Agri - Rice,2026-05-15,
Agri - Rice,2026-05-22,
Agri - Rice,2026-05-29,
Agri - Rice,2026-06-05,
Agri - Rice,2026-06-12,
Agri - Rice,2026-06-19,
Agri - Rice,2026-06-26,
Agri - Rice,2026-07-03,71
Agri - Rice,2026-07-10,73
Agri - Rice,2026-07-17,70
Agri - Rice,2026-07-24,66
Agri - Rice,2026-07-31,74
Agri - Rice,2026-08-07,76
Agri - Rice,2026-08-14,73
Agri - Rice,2026-08-21,74
Agri - Rice,2026-08-28,76
Agri - Rice,2026-09-04,77
Agri - Rice,2026-09-11,73
Agri - Rice,2026-09-18,66
Agri - Rice,2026-09-25,66
Agrichem - Fertilizers,2026-03-27,
Agrichem - Fertilizers,2026-04-03,
Agrichem - Fertilizers,2026-04-10,
Agrichem - Fertilizers,2026-04-17,
Agrichem - Fertilizers,2026-04-24,
Agrichem - Fertilizers,2026-05-01,
Agrichem - Fertilizers,2026-05-08,
Agrichem - Fertilizers,2026-05-15,
Agrichem - Fertilizers,2026-05-22,
Agrichem - Fertilizers,2026-05-29,
Agrichem - Fertilizers,2026-06-05,
Agrichem - Fertilizers,2026-06-12,
Agrichem - Fertilizers,2026-06-19,
Agrichem - Fertilizers,2026-06-26,
Agrichem - Fertilizers,2026-07-03,92
Agrichem - Fertilizers,2026-07-10,83
Agrichem - Fertilizers,2026-07-17,83
Agrichem - Fertilizers,2026-07-24,86
Agrichem - Fertilizers,2026-07-31,88
Agrichem - Fertilizers,2026-08-07,85
Agrichem - Fertilizers,2026-08-14,86
Agrichem - Fertilizers,2026-08-21,87
Agrichem - Fertilizers,2026-08-28,83
Agrichem - Fertilizers,2026-09-04,77
Agrichem - Fertilizers,2026-09-11,75
Agrichem - Fertilizers,2026-09-18,75
Agrichem - Fertilizers,2026-09-25,76
Auto - CV,2026-03-27,
Auto - CV,2026-04-03,
Auto - CV,2026-04-10,
Auto - CV,2026-04-17,
Auto - CV,2026-04-24,
Auto - CV,2026-05-01,
Auto - CV,2026-05-08,
Auto - CV,2026-05-15,
Auto - CV,2026-05-22,
Auto - CV,2026-05-29,
Auto - CV,2026-06-05,
Auto - CV,2026-06-12,
Auto - CV,2026-06-19,
Auto - CV,2026-06-26,
Auto - CV,2026-07-03,87
Auto - CV,2026-07-10,87
Auto - CV,2026-07-17,86
Auto - CV,2026-07-24,88
Auto - CV,2026-07-31,89
Auto - CV,2026-08-07,90
Auto - CV,2026-08-14,88
Auto - CV,2026-08-21,90
Auto - CV,2026-08-28,82
Auto - CV,2026-09-04,79
Auto - CV,2026-09-11,79
Auto - CV,2026-09-18,84
Auto - CV,2026-09-25,83
Auto - OEM Suppliers,2026-03-27,
Auto - OEM Suppliers,2026-04-03,
Auto - OEM Suppliers,2026-04-10,
Auto - OEM Suppliers,2026-04-17,
Auto - OEM Suppliers,2026-04-24,
Auto - OEM Suppliers,2026-05-01,
Auto - OEM Suppliers,2026-05-08,
Auto - OEM Suppliers,2026-05-15,
Auto - OEM Suppliers,2026-05-22,
Auto - OEM Suppliers,2026-05-29,
Auto - OEM Suppliers,2026-06-05,
Auto - OEM Suppliers,2026-06-12,
Auto - OEM Suppliers,2026-06-19,
Auto - OEM Suppliers,2026-06-26,
Auto - OEM Suppliers,2026-07-03,60
Auto - OEM Suppliers,2026-07-10,61
Auto - OEM Suppliers,2026-07-17,60
Auto - OEM Suppliers,2026-07-24,60
Auto - OEM Suppliers,2026-07-31,66
Auto - OEM Suppliers,2026-08-07,71
Auto - OEM Suppliers,2026-08-14,68
Auto - OEM Suppliers,2026-08-21,70
Auto - OEM Suppliers,2026-08-28,68
Auto - OEM Suppliers,2026-09-04,66
Auto - OEM Suppliers,2026-09-11,65
Auto - OEM Suppliers,2026-09-18,65
Auto - OEM Suppliers,2026-09-25,61
Auto - Replacement,2026-03-27,
Auto - Replacement,2026-04-03,
Auto - Replacement,2026-04-10,
Auto - Replacement,2026-04-17,
Auto - Replacement,2026-04-24,
Auto - Replacement,2026-05-01,
Auto - Replacement,2026-05-08,
Auto - Replacement,2026-05-15,
Auto - Replacement,2026-05-22,
Auto - Replacement,2026-05-29,
Auto - Replacement,2026-06-05,
Auto - Replacement,2026-06-12,
Auto - Replacement,2026-06-19,
Auto - Replacement,2026-06-26,
Auto - Replacement,2026-07-03,63
Auto - Replacement,2026-07-10,62
Auto - Replacement,2026-07-17,59
Auto - Replacement,2026-07-24,61
Auto - Replacement,2026-07-31,65
Auto - Replacement,2026-08-07,72
Auto - Replacement,2026-08-14,77
Auto - Replacement,2026-08-21,76
Auto - Replacement,2026-08-28,75
Auto - Replacement,2026-09-04,69
Auto - Replacement,2026-09-11,71
Auto - Replacement,2026-09-18,70
Auto - Replacement,2026-09-25,69
Batteries,2026-03-27,
Batteries,2026-04-03,
Batteries,2026-04-10,
Batteries,2026-04-17,
Batteries,2026-04-24,
Batteries,2026-05-01,
Batteries,2026-05-08,
Batteries,2026-05-15,
Batteries,2026-05-22,
Batteries,2026-05-29,
Batteries,2026-06-05,
Batteries,2026-06-12,
Batteries,2026-06-19,
Batteries,2026-06-26,
Batteries,2026-07-03,74
Batteries,2026-07-10,75
Batteries,2026-07-17,77
Batteries,2026-07-24,78
Batteries,2026-07-31,79
Batteries,2026-08-07,84
Batteries,2026-08-14,77
Batteries,2026-08-21,70
Batteries,2026-08-28,64
Batteries,2026-09-04,57
Batteries,2026-09-11,53
Batteries,2026-09-18,59
Batteries,2026-09-25,55
Beverages - Alcohol,2026-03-27,
Beverages - Alcohol,2026-04-03,
Beverages - Alcohol,2026-04-10,
Beverages - Alcohol,2026-04-17,
Beverages - Alcohol,2026-04-24,
Beverages - Alcohol,2026-05-01,
Beverages - Alcohol,2026-05-08,
Beverages - Alcohol,2026-05-15,
Beverages - Alcohol,2026-05-22,
Beverages - Alcohol,2026-05-29,
Beverages - Alcohol,2026-06-05,
Beverages - Alcohol,2026-06-12,
Beverages - Alcohol,2026-06-19,
Beverages - Alcohol,2026-06-26,
Beverages - Alcohol,2026-07-03,84
Beverages - Alcohol,2026-07-10,85
Beverages - Alcohol,2026-07-17,81
Beverages - Alcohol,2026-07-24,81
Beverages - Alcohol,2026-07-31,83
Beverages - Alcohol,2026-08-07,81
Beverages - Alcohol,2026-08-14,82
Beverages - Alcohol,2026-08-21,81
Beverages - Alcohol,2026-08-28,80
Beverages - Alcohol,2026-09-04,76
Beverages - Alcohol,2026-09-11,73
Beverages - Alcohol,2026-09-18,75
Beverages - Alcohol,2026-09-25,78
Chemicals - Bulk,2026-03-27,
Chemicals - Bulk,2026-04-03,
Chemicals - Bulk,2026-04-10,
Chemicals - Bulk,2026-04-17,
Chemicals - Bulk,2026-04-24,
Chemicals - Bulk,2026-05-01,
Chemicals - Bulk,2026-05-08,
Chemicals - Bulk,2026-05-15,
Chemicals - Bulk,2026-05-22,
Chemicals - Bulk,2026-05-29,
Chemicals - Bulk,2026-06-05,
Chemicals - Bulk,2026-06-12,
Chemicals - Bulk,2026-06-19,
Chemicals - Bulk,2026-06-26,
Chemicals - Bulk,2026-07-03,52
Chemicals - Bulk,2026-07-10,56
Chemicals - Bulk,2026-07-17,52
Chemicals - Bulk,2026-07-24,51
Chemicals - Bulk,2026-07-31,52
Chemicals - Bulk,2026-08-07,65
Chemicals - Bulk,2026-08-14,64
Chemicals - Bulk,2026-08-21,64
Chemicals - Bulk,2026-08-28,68
Chemicals - Bulk,2026-09-04,69
Chemicals - Bulk,2026-09-11,68
Chemicals - Bulk,2026-09-18,69
Chemicals - Bulk,2026-09-25,69
Chemicals - Dyes,2026-03-27,
Chemicals - Dyes,2026-04-03,
Chemicals - Dyes,2026-04-10,
Chemicals - Dyes,2026-04-17,
Chemicals - Dyes,2026-04-24,
Chemicals - Dyes,2026-05-01,
Chemicals - Dyes,2026-05-08,
Chemicals - Dyes,2026-05-15,
Chemicals - Dyes,2026-05-22,
Chemicals - Dyes,2026-05-29,
Chemicals - Dyes,2026-06-05,
Chemicals - Dyes,2026-06-12,
Chemicals - Dyes,2026-06-19,
Chemicals - Dyes,2026-06-26,
Chemicals - Dyes,2026-07-03,56
Chemicals - Dyes,2026-07-10,65
Chemicals - Dyes,2026-07-17,68
Chemicals - Dyes,2026-07-24,68
Chemicals - Dyes,2026-07-31,64
Chemicals - Dyes,2026-08-07,72
Chemicals - Dyes,2026-08-14,69
Chemicals - Dyes,2026-08-21,74
Chemicals - Dyes,2026-08-28,76
Chemicals - Dyes,2026-09-04,72
Chemicals - Dyes,2026-09-11,73
Chemicals - Dyes,2026-09-18,74
Chemicals - Dyes,2026-09-25,68
Chemicals - Specialty,2026-03-27,
Chemicals - Specialty,2026-04-03,
Chemicals - Specialty,2026-04-10,
Chemicals - Specialty,2026-04-17,
Chemicals - Specialty,2026-04-24,
Chemicals - Specialty,2026-05-01,
Chemicals - Specialty,2026-05-08,
Chemicals - Specialty,2026-05-15,
Chemicals - Specialty,2026-05-22,
Chemicals - Specialty,2026-05-29,
Chemicals - Specialty,2026-06-05,
Chemicals - Specialty,2026-06-12,
Chemicals - Specialty,2026-06-19,
Chemicals - Specialty,2026-06-26,
Chemicals - Specialty,2026-07-03,71
Chemicals - Specialty,2026-07-10,71
Chemicals - Specialty,2026-07-17,72
Chemicals - Specialty,2026-07-24,70
Chemicals - Specialty,2026-07-31,69
Chemicals - Specialty,2026-08-07,69
Chemicals - Specialty,2026-08-14,69
Chemicals - Specialty,2026-08-21,65
Chemicals - Specialty,2026-08-28,67
Chemicals - Specialty,2026-09-04,64
Chemicals - Specialty,2026-09-11,63
Chemicals - Specialty,2026-09-18,63
Chemicals - Specialty,2026-09-25,63
Consumption - Appliances,2026-03-27,
Consumption - Appliances,2026-04-03,
Consumption - Appliances,2026-04-10,
Consumption - Appliances,2026-04-17,
Consumption - Appliances,2026-04-24,
Consumption - Appliances,2026-05-01,
Consumption - Appliances,2026-05-08,
Consumption - Appliances,2026-05-15,
Consumption - Appliances,2026-05-22,
Consumption - Appliances,2026-05-29,
Consumption - Appliances,2026-06-05,
Consumption - Appliances,2026-06-12,
Consumption - Appliances,2026-06-19,
Consumption - Appliances,2026-06-26,
Consumption - Appliances,2026-07-03,85
Consumption - Appliances,2026-07-10,85
Consumption - Appliances,2026-07-17,85
Consumption - Appliances,2026-07-24,74
Consumption - Appliances,2026-07-31,78
Consumption - Appliances,2026-08-07,78
Consumption - Appliances,2026-08-14,77
Consumption - Appliances,2026-08-21,72
Consumption - Appliances,2026-08-28,63
Consumption - Appliances,2026-09-04,66
Consumption - Appliances,2026-09-11,68
Consumption - Appliances,2026-09-18,63
Consumption - Appliances,2026-09-25,52
Consumption - Dairy,2026-03-27,
Consumption - Dairy,2026-04-03,
Consumption - Dairy,2026-04-10,
Consumption - Dairy,2026-04-17,
Consumption - Dairy,2026-04-24,
Consumption - Dairy,2026-05-01,
Consumption - Dairy,2026-05-08,
Consumption - Dairy,2026-05-15,
Consumption - Dairy,2026-05-22,
Consumption - Dairy,2026-05-29,
Consumption - Dairy,2026-06-05,
Consumption - Dairy,2026-06-12,
Consumption - Dairy,2026-06-19,
Consumption - Dairy,2026-06-26,
Consumption - Dairy,2026-07-03,81
Consumption - Dairy,2026-07-10,74
Consumption - Dairy,2026-07-17,66
Consumption - Dairy,2026-07-24,58
Consumption - Dairy,2026-07-31,58
Consumption - Dairy,2026-08-07,63
Consumption - Dairy,2026-08-14,54
Consumption - Dairy,2026-08-21,61
Consumption - Dairy,2026-08-28,66
Consumption - Dairy,2026-09-04,70
Consumption - Dairy,2026-09-11,75
Consumption - Dairy,2026-09-18,75
Consumption - Dairy,2026-09-25,75
Consumption - Misc,2026-03-27,
Consumption - Misc,2026-04-03,
Consumption - Misc,2026-04-10,
Consumption - Misc,2026-04-17,
Consumption - Misc,2026-04-24,
Consumption - Misc,2026-05-01,
Consumption - Misc,2026-05-08,
Consumption - Misc,2026-05-15,
Consumption - Misc,2026-05-22,
Consumption - Misc,2026-05-29,
Consumption - Misc,2026-06-05,
Consumption - Misc,2026-06-12,
Consumption - Misc,2026-06-19,
Consumption - Misc,2026-06-26,
Consumption - Misc,2026-07-03,89
Consumption - Misc,2026-07-10,89
Consumption - Misc,2026-07-17,92
Consumption - Misc,2026-07-24,93
Consumption - Misc,2026-07-31,94
Consumption - Misc,2026-08-07,89
Consumption - Misc,2026-08-14,90
Consumption - Misc,2026-08-21,92
Consumption - Misc,2026-08-28,92
Consumption - Misc,2026-09-04,93
Consumption - Misc,2026-09-11,87
Consumption - Misc,2026-09-18,74
Consumption - Misc,2026-09-25,74
Consumption - Paints,2026-03-27,
Consumption - Paints,2026-04-03,
Consumption - Paints,2026-04-10,
Consumption - Paints,2026-04-17,
Consumption - Paints,2026-04-24,
Consumption - Paints,2026-05-01,
Consumption - Paints,2026-05-08,
Consumption - Paints,2026-05-15,
Consumption - Paints,2026-05-22,
Consumption - Paints,2026-05-29,
Consumption - Paints,2026-06-05,
Consumption - Paints,2026-06-12,
Consumption - Paints,2026-06-19,
Consumption - Paints,2026-06-26,
Consumption - Paints,2026-07-03,45
Consumption - Paints,2026-07-10,41
Consumption - Paints,2026-07-17,39
Consumption - Paints,2026-07-24,41
Consumption - Paints,2026-07-31,57
Consumption - Paints,2026-08-07,68
Consumption - Paints,2026-08-14,56
Consumption - Paints,2026-08-21,63
Consumption - Paints,2026-08-28,57
Consumption - Paints,2026-09-04,58
Consumption - Paints,2026-09-11,53
Consumption - Paints,2026-09-18,46
Consumption - Paints,2026-09-25,48
Defense - Misc,2026-03-27,
Defense - Misc,2026-04-03,
Defense - Misc,2026-04-10,
Defense - Misc,2026-04-17,
Defense - Misc,2026-04-24,
Defense - Misc,2026-05-01,
Defense - Misc,2026-05-08,
Defense - Misc,2026-05-15,
Defense - Misc,2026-05-22,
Defense - Misc,2026-05-29,
Defense - Misc,2026-06-05,
Defense - Misc,2026-06-12,
Defense - Misc,2026-06-19,
Defense - Misc,2026-06-26,
Defense - Misc,2026-07-03,74
Defense - Misc,2026-07-10,74
Defense - Misc,2026-07-17,75
Defense - Misc,2026-07-24,73
Defense - Misc,2026-07-31,73
Defense - Misc,2026-08-07,78
Defense - Misc,2026-08-14,79
Defense - Misc,2026-08-21,78
Defense - Misc,2026-08-28,76
Defense - Misc,2026-09-04,77
Defense - Misc,2026-09-11,79
Defense - Misc,2026-09-18,70
Defense - Misc,2026-09-25,73
Defense - Technology,2026-03-27,
Defense - Technology,2026-04-03,
Defense - Technology,2026-04-10,
Defense - Technology,2026-04-17,
Defense - Technology,2026-04-24,
Defense - Technology,2026-05-01,
Defense - Technology,2026-05-08,
Defense - Technology,2026-05-15,
Defense - Technology,2026-05-22,
Defense - Technology,2026-05-29,
Defense - Technology,2026-06-05,
Defense - Technology,2026-06-12,
Defense - Technology,2026-06-19,
Defense - Technology,2026-06-26,
Defense - Technology,2026-07-03,68
Defense - Technology,2026-07-10,61
Defense - Technology,2026-07-17,57
Defense - Technology,2026-07-24,62
Defense - Technology,2026-07-31,58
Defense - Technology,2026-08-07,60
Defense - Technology,2026-08-14,59
Defense - Technology,2026-08-21,61
Defense - Technology,2026-08-28,59
Defense - Technology,2026-09-04,59
Defense - Technology,2026-09-11,64
Defense - Technology,2026-09-18,54
Defense - Technology,2026-09-25,55
Electronic - Equipment,2026-03-27,
Electronic - Equipment,2026-04-03,
Electronic - Equipment,2026-04-10,
Electronic - Equipment,2026-04-17,
Electronic - Equipment,2026-04-24,
Electronic - Equipment,2026-05-01,
Electronic - Equipment,2026-05-08,
Electronic - Equipment,2026-05-15,
Electronic - Equipment,2026-05-22,
Electronic - Equipment,2026-05-29,
Electronic - Equipment,2026-06-05,
Electronic - Equipment,2026-06-12,
Electronic - Equipment,2026-06-19,
Electronic - Equipment,2026-06-26,
Electronic - Equipment,2026-07-03,80
Electronic - Equipment,2026-07-10,79
Electronic - Equipment,2026-07-17,76
Electronic - Equipment,2026-07-24,75
Electronic - Equipment,2026-07-31,77
Electronic - Equipment,2026-08-07,80
Electronic - Equipment,2026-08-14,81
Electronic - Equipment,2026-08-21,81
Electronic - Equipment,2026-08-28,82
Electronic - Equipment,2026-09-04,79
Electronic - Equipment,2026-09-11,81
Electronic - Equipment,2026-09-18,81
Electronic - Equipment,2026-09-25,79
Engineering,2026-03-27,
Engineering,2026-04-03,
Engineering,2026-04-10,
Engineering,2026-04-17,
Engineering,2026-04-24,
Engineering,2026-05-01,
Engineering,2026-05-08,
Engineering,2026-05-15,
Engineering,2026-05-22,
Engineering,2026-05-29,
Engineering,2026-06-05,
Engineering,2026-06-12,
Engineering,2026-06-19,
Engineering,2026-06-26,
Engineering,2026-07-03,67
Engineering,2026-07-10,69
Engineering,2026-07-17,66
Engineering,2026-07-24,62
Engineering,2026-07-31,59
Engineering,2026-08-07,63
Engineering,2026-08-14,65
Engineering,2026-08-21,64
Engineering,2026-08-28,61
Engineering,2026-09-04,58
Engineering,2026-09-11,64
Engineering,2026-09-18,69
Engineering,2026-09-25,74
Financials - Misc,2026-03-27,
Financials - Misc,2026-04-03,
Financials - Misc,2026-04-10,
Financials - Misc,2026-04-17,
Financials - Misc,2026-04-24,
Financials - Misc,2026-05-01,
Financials - Misc,2026-05-08,
Financials - Misc,2026-05-15,
Financials - Misc,2026-05-22,
Financials - Misc,2026-05-29,
Financials - Misc,2026-06-05,
Financials - Misc,2026-06-12,
Financials - Misc,2026-06-19,
Financials - Misc,2026-06-26,
Financials - Misc,2026-07-03,92
Financials - Misc,2026-07-10,93
Financials - Misc,2026-07-17,86
Financials - Misc,2026-07-24,83
Financials - Misc,2026-07-31,83
Financials - Misc,2026-08-07,84
Financials - Misc,2026-08-14,85
Financials - Misc,2026-08-21,85
Financials - Misc,2026-08-28,86
Financials - Misc,2026-09-04,86
Financials - Misc,2026-09-11,85
Financials - Misc,2026-09-18,86
Financials - Misc,2026-09-25,74
Financials - Private Bank,2026-03-27,
Financials - Private Bank,2026-04-03,
Financials - Private Bank,2026-04-10,
Financials - Private Bank,2026-04-17,
Financials - Private Bank,2026-04-24,
Financials - Private Bank,2026-05-01,
Financials - Private Bank,2026-05-08,
Financials - Private Bank,2026-05-15,
Financials - Private Bank,2026-05-22,
Financials - Private Bank,2026-05-29,
Financials - Private Bank,2026-06-05,
Financials - Private Bank,2026-06-12,
Financials - Private Bank,2026-06-19,
Financials - Private Bank,2026-06-26,
Financials - Private Bank,2026-07-03,51
Financials - Private Bank,2026-07-10,56
Financials - Private Bank,2026-07-17,57
Financials - Private Bank,2026-07-24,58
Financials - Private Bank,2026-07-31,58
Financials - Private Bank,2026-08-07,61
Financials - Private Bank,2026-08-14,59
Financials - Private Bank,2026-08-21,63
Financials - Private Bank,2026-08-28,60
Financials - Private Bank,2026-09-04,63
Financials - Private Bank,2026-09-11,59
Financials - Private Bank,2026-09-18,55
Financials - Private Bank,2026-09-25,54
Healthcare - Diagnostics,2026-03-27,
Healthcare - Diagnostics,2026-04-03,
Healthcare - Diagnostics,2026-04-10,
Healthcare - Diagnostics,2026-04-17,
Healthcare - Diagnostics,2026-04-24,
Healthcare - Diagnostics,2026-05-01,
Healthcare - Diagnostics,2026-05-08,
Healthcare - Diagnostics,2026-05-15,
Healthcare - Diagnostics,2026-05-22,
Healthcare - Diagnostics,2026-05-29,
Healthcare - Diagnostics,2026-06-05,
Healthcare - Diagnostics,2026-06-12,
Healthcare - Diagnostics,2026-06-19,
Healthcare - Diagnostics,2026-06-26,
Healthcare - Diagnostics,2026-07-03,68
Healthcare - Diagnostics,2026-07-10,70
Healthcare - Diagnostics,2026-07-17,66
Healthcare - Diagnostics,2026-07-24,68
Healthcare - Diagnostics,2026-07-31,71
Healthcare - Diagnostics,2026-08-07,70
Healthcare - Diagnostics,2026-08-14,69
Healthcare - Diagnostics,2026-08-21,69
Healthcare - Diagnostics,2026-08-28,70
Healthcare - Diagnostics,2026-09-04,68
Healthcare - Diagnostics,2026-09-11,68
Healthcare - Diagnostics,2026-09-18,70
Healthcare - Diagnostics,2026-09-25,67
Healthcare - Hospitals,2026-03-27,
Healthcare - Hospitals,2026-04-03,
Healthcare - Hospitals,2026-04-10,
Healthcare - Hospitals,2026-04-17,
Healthcare - Hospitals,2026-04-24,
Healthcare - Hospitals,2026-05-01,
Healthcare - Hospitals,2026-05-08,
Healthcare - Hospitals,2026-05-15,
Healthcare - Hospitals,2026-05-22,
Healthcare - Hospitals,2026-05-29,
Healthcare - Hospitals,2026-06-05,
Healthcare - Hospitals,2026-06-12,
Healthcare - Hospitals,2026-06-19,
Healthcare - Hospitals,2026-06-26,
Healthcare - Hospitals,2026-07-03,75
Healthcare - Hospitals,2026-07-10,77
Healthcare - Hospitals,2026-07-17,74
Healthcare - Hospitals,2026-07-24,79
Healthcare - Hospitals,2026-07-31,82
Healthcare - Hospitals,2026-08-07,78
Healthcare - Hospitals,2026-08-14,76
Healthcare - Hospitals,2026-08-21,76
Healthcare - Hospitals,2026-08-28,78
Healthcare - Hospitals,2026-09-04,76
Healthcare - Hospitals,2026-09-11,77
Healthcare - Hospitals,2026-09-18,77
Healthcare - Hospitals,2026-09-25,76
Healthcare - Pharma,2026-03-27,
Healthcare - Pharma,2026-04-03,
Healthcare - Pharma,2026-04-10,
Healthcare - Pharma,2026-04-17,
Healthcare - Pharma,2026-04-24,
Healthcare - Pharma,2026-05-01,
Healthcare - Pharma,2026-05-08,
Healthcare - Pharma,2026-05-15,
Healthcare - Pharma,2026-05-22,
Healthcare - Pharma,2026-05-29,
Healthcare - Pharma,2026-06-05,
Healthcare - Pharma,2026-06-12,
Healthcare - Pharma,2026-06-19,
Healthcare - Pharma,2026-06-26,
Healthcare - Pharma,2026-07-03,72
Healthcare - Pharma,2026-07-10,71
Healthcare - Pharma,2026-07-17,69
Healthcare - Pharma,2026-07-24,67
Healthcare - Pharma,2026-07-31,68
Healthcare - Pharma,2026-08-07,69
Healthcare - Pharma,2026-08-14,67
Healthcare - Pharma,2026-08-21,65
Healthcare - Pharma,2026-08-28,66
Healthcare - Pharma,2026-09-04,66
Healthcare - Pharma,2026-09-11,66
Healthcare - Pharma,2026-09-18,66
Healthcare - Pharma,2026-09-25,67
IT - Product/Platform,2026-03-27,
IT - Product/Platform,2026-04-03,
IT - Product/Platform,2026-04-10,
IT - Product/Platform,2026-04-17,
IT - Product/Platform,2026-04-24,
IT - Product/Platform,2026-05-01,
IT - Product/Platform,2026-05-08,
IT - Product/Platform,2026-05-15,
IT - Product/Platform,2026-05-22,
IT - Product/Platform,2026-05-29,
IT - Product/Platform,2026-06-05,
IT - Product/Platform,2026-06-12,
IT - Product/Platform,2026-06-19,
IT - Product/Platform,2026-06-26,
IT - Product/Platform,2026-07-03,74
IT - Product/Platform,2026-07-10,69
IT - Product/Platform,2026-07-17,63
IT - Product/Platform,2026-07-24,63
IT - Product/Platform,2026-07-31,63
IT - Product/Platform,2026-08-07,60
IT - Product/Platform,2026-08-14,66
IT - Product/Platform,2026-08-21,71
IT - Product/Platform,2026-08-28,73
IT - Product/Platform,2026-09-04,72
IT - Product/Platform,2026-09-11,72
IT - Product/Platform,2026-09-18,71
IT - Product/Platform,2026-09-25,72
IT - Services,2026-03-27,
IT - Services,2026-04-03,
IT - Services,2026-04-10,
IT - Services,2026-04-17,
IT - Services,2026-04-24,
IT - Services,2026-05-01,
IT - Services,2026-05-08,
IT - Services,2026-05-15,
IT - Services,2026-05-22,
IT - Services,2026-05-29,
IT - Services,2026-06-05,
IT - Services,2026-06-12,
IT - Services,2026-06-19,
IT - Services,2026-06-26,
IT - Services,2026-07-03,81
IT - Services,2026-07-10,71
IT - Services,2026-07-17,60
IT - Services,2026-07-24,56
IT - Services,2026-07-31,54
IT - Services,2026-08-07,53
IT - Services,2026-08-14,57
IT - Services,2026-08-21,55
IT - Services,2026-08-28,52
IT - Services,2026-09-04,49
IT - Services,2026-09-11,56
IT - Services,2026-09-18,56
IT - Services,2026-09-25,56
IT - Software/Consulting,2026-03-27,
IT - Software/Consulting,2026-04-03,
IT - Software/Consulting,2026-04-10,
IT - Software/Consulting,2026-04-17,
IT - Software/Consulting,2026-04-24,
IT - Software/Consulting,2026-05-01,
IT - Software/Consulting,2026-05-08,
IT - Software/Consulting,2026-05-15,
IT - Software/Consulting,2026-05-22,
IT - Software/Consulting,2026-05-29,
IT - Software/Consulting,2026-06-05,
IT - Software/Consulting,2026-06-12,
IT - Software/Consulting,2026-06-19,
IT - Software/Consulting,2026-06-26,
IT - Software/Consulting,2026-07-03,70
IT - Software/Consulting,2026-07-10,73
IT - Software/Consulting,2026-07-17,74
IT - Software/Consulting,2026-07-24,74
IT - Software/Consulting,2026-07-31,77
IT - Software/Consulting,2026-08-07,75
IT - Software/Consulting,2026-08-14,76
IT - Software/Consulting,2026-08-21,77
IT - Software/Consulting,2026-08-28,78
IT - Software/Consulting,2026-09-04,72
IT - Software/Consulting,2026-09-11,69
IT - Software/Consulting,2026-09-18,66
IT - Software/Consulting,2026-09-25,65
Index,2026-03-27,
Index,2026-04-03,
Index,2026-04-10,
Index,2026-04-17,
Index,2026-04-24,
Index,2026-05-01,
Index,2026-05-08,
Index,2026-05-15,
Index,2026-05-22,
Index,2026-05-29,
Index,2026-06-05,
Index,2026-06-12,
Index,2026-06-19,
Index,2026-06-26,
Index,2026-07-03,83
Index,2026-07-10,80
Index,2026-07-17,81
Index,2026-07-24,78
Index,2026-07-31,64
Index,2026-08-07,70
Index,2026-08-14,71
Index,2026-08-21,70
Index,2026-08-28,68
Index,2026-09-04,67
Index,2026-09-11,69
Index,2026-09-18,67
Index,2026-09-25,64
Industrial - Bearings,2026-03-27,
Industrial - Bearings,2026-04-03,
Industrial - Bearings,2026-04-10,
Industrial - Bearings,2026-04-17,
Industrial - Bearings,2026-04-24,
Industrial - Bearings,2026-05-01,
Industrial - Bearings,2026-05-08,
Industrial - Bearings,2026-05-15,
Industrial - Bearings,2026-05-22,
Industrial - Bearings,2026-05-29,
Industrial - Bearings,2026-06-05,
Industrial - Bearings,2026-06-12,
Industrial - Bearings,2026-06-19,
Industrial - Bearings,2026-06-26,
Industrial - Bearings,2026-07-03,92
Industrial - Bearings,2026-07-10,92
Industrial - Bearings,2026-07-17,81
Industrial - Bearings,2026-07-24,77
Industrial - Bearings,2026-07-31,78
Industrial - Bearings,2026-08-07,83
Industrial - Bearings,2026-08-14,82
Industrial - Bearings,2026-08-21,85
Industrial - Bearings,2026-08-28,78
Industrial - Bearings,2026-09-04,70
Industrial - Bearings,2026-09-11,78
Industrial - Bearings,2026-09-18,78
Industrial - Bearings,2026-09-25,79
Industrial - Pumps/Engines,2026-03-27,
Industrial - Pumps/Engines,2026-04-03,
Industrial - Pumps/Engines,2026-04-10,
Industrial - Pumps/Engines,2026-04-17,
Industrial - Pumps/Engines,2026-04-24,
Industrial - Pumps/Engines,2026-05-01,
Industrial - Pumps/Engines,2026-05-08,
Industrial - Pumps/Engines,2026-05-15,
Industrial - Pumps/Engines,2026-05-22,
Industrial - Pumps/Engines,2026-05-29,
Industrial - Pumps/Engines,2026-06-05,
Industrial - Pumps/Engines,2026-06-12,
Industrial - Pumps/Engines,2026-06-19,
Industrial - Pumps/Engines,2026-06-26,
Industrial - Pumps/Engines,2026-07-03,63
Industrial - Pumps/Engines,2026-07-10,64
Industrial - Pumps/Engines,2026-07-17,63
Industrial - Pumps/Engines,2026-07-24,61
Industrial - Pumps/Engines,2026-07-31,60
Industrial - Pumps/Engines,2026-08-07,63
Industrial - Pumps/Engines,2026-08-14,65
Industrial - Pumps/Engines,2026-08-21,67
Industrial - Pumps/Engines,2026-08-28,66
Industrial - Pumps/Engines,2026-09-04,65
Industrial - Pumps/Engines,2026-09-11,57
Industrial - Pumps/Engines,2026-09-18,57
Industrial - Pumps/Engines,2026-09-25,54
Infra - Construction,2026-03-27,
Infra - Construction,2026-04-03,
Infra - Construction,2026-04-10,
Infra - Construction,2026-04-17,
Infra - Construction,2026-04-24,
Infra - Construction,2026-05-01,
Infra - Construction,2026-05-08,
Infra - Construction,2026-05-15,
Infra - Construction,2026-05-22,
Infra - Construction,2026-05-29,
Infra - Construction,2026-06-05,
Infra - Construction,2026-06-12,
Infra - Construction,2026-06-19,
Infra - Construction,2026-06-26,
Infra - Construction,2026-07-03,89
Infra - Construction,2026-07-10,90
Infra - Construction,2026-07-17,74
Infra - Construction,2026-07-24,75
Infra - Construction,2026-07-31,71
Infra - Construction,2026-08-07,70
Infra - Construction,2026-08-14,67
Infra - Construction,2026-08-21,69
Infra - Construction,2026-08-28,72
Infra - Construction,2026-09-04,67
Infra - Construction,2026-09-11,73
Infra - Construction,2026-09-18,66
Infra - Construction,2026-09-25,60
Media - Entertaintment,2026-03-27,
Media - Entertaintment,2026-04-03,
Media - Entertaintment,2026-04-10,
Media - Entertaintment,2026-04-17,
Media - Entertaintment,2026-04-24,
Media - Entertaintment,2026-05-01,
Media - Entertaintment,2026-05-08,
Media - Entertaintment,2026-05-15,
Media - Entertaintment,2026-05-22,
Media - Entertaintment,2026-05-29,
Media - Entertaintment,2026-06-05,
Media - Entertaintment,2026-06-12,
Media - Entertaintment,2026-06-19,
Media - Entertaintment,2026-06-26,
Media - Entertaintment,2026-07-03,72
Media - Entertaintment,2026-07-10,71
Media - Entertaintment,2026-07-17,69
Media - Entertaintment,2026-07-24,70
Media - Entertaintment,2026-07-31,69
Media - Entertaintment,2026-08-07,66
Media - Entertaintment,2026-08-14,68
Media - Entertaintment,2026-08-21,63
Media - Entertaintment,2026-08-28,60
Media - Entertaintment,2026-09-04,61
Media - Entertaintment,2026-09-11,63
Media - Entertaintment,2026-09-18,61
Media - Entertaintment,2026-09-25,61
Metals - Casting/Forging,2026-03-27,
Metals - Casting/Forging,2026-04-03,
Metals - Casting/Forging,2026-04-10,
Metals - Casting/Forging,2026-04-17,
Metals - Casting/Forging,2026-04-24,
Metals - Casting/Forging,2026-05-01,
Metals - Casting/Forging,2026-05-08,
Metals - Casting/Forging,2026-05-15,
Metals - Casting/Forging,2026-05-22,
Metals - Casting/Forging,2026-05-29,
Metals - Casting/Forging,2026-06-05,
Metals - Casting/Forging,2026-06-12,
Metals - Casting/Forging,2026-06-19,
Metals - Casting/Forging,2026-06-26,
Metals - Casting/Forging,2026-07-03,56
Metals - Casting/Forging,2026-07-10,54
Metals - Casting/Forging,2026-07-17,59
Metals - Casting/Forging,2026-07-24,62
Metals - Casting/Forging,2026-07-31,61
Metals - Casting/Forging,2026-08-07,67
Metals - Casting/Forging,2026-08-14,71
Metals - Casting/Forging,2026-08-21,72
Metals - Casting/Forging,2026-08-28,69
Metals - Casting/Forging,2026-09-04,69
Metals - Casting/Forging,2026-09-11,75
Metals - Casting/Forging,2026-09-18,69
Metals - Casting/Forging,2026-09-25,67
Metals - Iron & Steel,2026-03-27,
Metals - Iron & Steel,2026-04-03,
Metals - Iron & Steel,2026-04-10,
Metals - Iron & Steel,2026-04-17,
Metals - Iron & Steel,2026-04-24,
Metals - Iron & Steel,2026-05-01,
Metals - Iron & Steel,2026-05-08,
Metals - Iron & Steel,2026-05-15,
Metals - Iron & Steel,2026-05-22,
Metals - Iron & Steel,2026-05-29,
Metals - Iron & Steel,2026-06-05,
Metals - Iron & Steel,2026-06-12,
Metals - Iron & Steel,2026-06-19,
Metals - Iron & Steel,2026-06-26,
Metals - Iron & Steel,2026-07-03,79
Metals - Iron & Steel,2026-07-10,80
Metals - Iron & Steel,2026-07-17,83
Metals - Iron & Steel,2026-07-24,82
Metals - Iron & Steel,2026-07-31,83
Metals - Iron & Steel,2026-08-07,82
Metals - Iron & Steel,2026-08-14,82
Metals - Iron & Steel,2026-08-21,79
Metals - Iron & Steel,2026-08-28,83
Metals - Iron & Steel,2026-09-04,80
Metals - Iron & Steel,2026-09-11,82
Metals - Iron & Steel,2026-09-18,83
Metals - Iron & Steel,2026-09-25,82
Metals - Pipe & Tube,2026-03-27,
Metals - Pipe & Tube,2026-04-03,
Metals - Pipe & Tube,2026-04-10,
Metals - Pipe & Tube,2026-04-17,
Metals - Pipe & Tube,2026-04-24,
Metals - Pipe & Tube,2026-05-01,
Metals - Pipe & Tube,2026-05-08,
Metals - Pipe & Tube,2026-05-15,
Metals - Pipe & Tube,2026-05-22,
Metals - Pipe & Tube,2026-05-29,
Metals - Pipe & Tube,2026-06-05,
Metals - Pipe & Tube,2026-06-12,
Metals - Pipe & Tube,2026-06-19,
Metals - Pipe & Tube,2026-06-26,
Metals - Pipe & Tube,2026-07-03,18
Metals - Pipe & Tube,2026-07-10,22
Metals - Pipe & Tube,2026-07-17,21
Metals - Pipe & Tube,2026-07-24,24
Metals - Pipe & Tube,2026-07-31,24
Metals - Pipe & Tube,2026-08-07,37
Metals - Pipe & Tube,2026-08-14,45
Metals - Pipe & Tube,2026-08-21,48
Metals - Pipe & Tube,2026-08-28,55
Metals - Pipe & Tube,2026-09-04,54
Metals - Pipe & Tube,2026-09-11,49
Metals - Pipe & Tube,2026-09-18,55
Metals - Pipe & Tube,2026-09-25,52
Power - Equipment,2026-03-27,
Power - Equipment,2026-04-03,
Power - Equipment,2026-04-10,
Power - Equipment,2026-04-17,
Power - Equipment,2026-04-24,
Power - Equipment,2026-05-01,
Power - Equipment,2026-05-08,
Power - Equipment,2026-05-15,
Power - Equipment,2026-05-22,
Power - Equipment,2026-05-29,
Power - Equipment,2026-06-05,
Power - Equipment,2026-06-12,
Power - Equipment,2026-06-19,
Power - Equipment,2026-06-26,
Power - Equipment,2026-07-03,58
Power - Equipment,2026-07-10,58
Power - Equipment,2026-07-17,59
Power - Equipment,2026-07-24,57
Power - Equipment,2026-07-31,58
Power - Equipment,2026-08-07,62
Power - Equipment,2026-08-14,64
Power - Equipment,2026-08-21,62
Power - Equipment,2026-08-28,65
Power - Equipment,2026-09-04,63
Power - Equipment,2026-09-11,64
Power - Equipment,2026-09-18,62
Power - Equipment,2026-09-25,59
Power - Wiring,2026-03-27,
Power - Wiring,2026-04-03,
Power - Wiring,2026-04-10,
Power - Wiring,2026-04-17,
Power - Wiring,2026-04-24,
Power - Wiring,2026-05-01,
Power - Wiring,2026-05-08,
Power - Wiring,2026-05-15,
Power - Wiring,2026-05-22,
Power - Wiring,2026-05-29,
Power - Wiring,2026-06-05,
Power - Wiring,2026-06-12,
Power - Wiring,2026-06-19,
Power - Wiring,2026-06-26,
Power - Wiring,2026-07-03,60
Power - Wiring,2026-07-10,56
Power - Wiring,2026-07-17,52
Power - Wiring,2026-07-24,51
Power - Wiring,2026-07-31,52
Power - Wiring,2026-08-07,56
Power - Wiring,2026-08-14,57
Power - Wiring,2026-08-21,55
Power - Wiring,2026-08-28,57
Power - Wiring,2026-09-04,53
Power - Wiring,2026-09-11,54
Power - Wiring,2026-09-18,56
Power - Wiring,2026-09-25,57
Telecom,2026-03-27,
Telecom,2026-04-03,
Telecom,2026-04-10,
Telecom,2026-04-17,
Telecom,2026-04-24,
Telecom,2026-05-01,
Telecom,2026-05-08,
Telecom,2026-05-15,
Telecom,2026-05-22,
Telecom,2026-05-29,
Telecom,2026-06-05,
Telecom,2026-06-12,
Telecom,2026-06-19,
Telecom,2026-06-26,
Telecom,2026-07-03,79
Telecom,2026-07-10,77
Telecom,2026-07-17,74
Telecom,2026-07-24,70
Telecom,2026-07-31,68
Telecom,2026-08-07,73
Telecom,2026-08-14,74
Telecom,2026-08-21,73
Telecom,2026-08-28,78
Telecom,2026-09-04,73
Telecom,2026-09-11,76
Telecom,2026-09-18,67
Telecom,2026-09-25,67
Textile - Misc,2026-03-27,
Textile - Misc,2026-04-03,
Textile - Misc,2026-04-10,
Textile - Misc,2026-04-17,
Textile - Misc,2026-04-24,
Textile - Misc,2026-05-01,
Textile - Misc,2026-05-08,
Textile - Misc,2026-05-15,
Textile - Misc,2026-05-22,
Textile - Misc,2026-05-29,
Textile - Misc,2026-06-05,
Textile - Misc,2026-06-12,
Textile - Misc,2026-06-19,
Textile - Misc,2026-06-26,
Textile - Misc,2026-07-03,84
Textile - Misc,2026-07-10,77
Textile - Misc,2026-07-17,74
Textile - Misc,2026-07-24,71
Textile - Misc,2026-07-31,63
Textile - Misc,2026-08-07,68
Textile - Misc,2026-08-14,68
Textile - Misc,2026-08-21,79
Textile - Misc,2026-08-28,79
Textile - Misc,2026-09-04,83
Textile - Misc,2026-09-11,83
Textile - Misc,2026-09-18,84
Textile - Misc,2026-09-25,86
Transport - Shipping,2026-03-27,
Transport - Shipping,2026-04-03,
Transport - Shipping,2026-04-10,
Transport - Shipping,2026-04-17,
Transport - Shipping,2026-04-24,
Transport - Shipping,2026-05-01,
Transport - Shipping,2026-05-08,
Transport - Shipping,2026-05-15,
Transport - Shipping,2026-05-22,
Transport - Shipping,2026-05-29,
Transport - Shipping,2026-06-05,
Transport - Shipping,2026-06-12,
Transport - Shipping,2026-06-19,
Transport - Shipping,2026-06-26,
Transport - Shipping,2026-07-03,57
Transport - Shipping,2026-07-10,55
Transport - Shipping,2026-07-17,50
Transport - Shipping,2026-07-24,55
Transport - Shipping,2026-07-31,50
Transport - Shipping,2026-08-07,49
Transport - Shipping,2026-08-14,46
Transport - Shipping,2026-08-21,48
Transport - Shipping,2026-08-28,50
Transport - Shipping,2026-09-04,52
Transport - Shipping,2026-09-11,55
Transport - Shipping,2026-09-18,56
Transport - Shipping,2026-09-25,60
